title,doi,notes,...4,keywords,pubmed_id,pmc_id,PDF files,exclusion_reason
"Investigations on the State of Pops in Ghana, and Human Biomonitoring of Dioxin-like Polychlorinated Biphenyls (Dlpcbs), Polychlorinated, Polybrominated and Mixed Halogenated Dibenzo-p-Dioxins and Furans (PCDD/Fs, PBDD/Fs, and PXDD/Fs) in Vulnerable Ghanaian Populations",NA,"RAYYAN-INCLUSION: {""Kyle ""=>""Maybe"", ""Ayumi""=>""Maybe""} | RAYYAN-INCLUSION: {""Kyle ""=>""Excluded""} | RAYYAN-EXCLUSION-REASONS: not meta-analysis",NA,Humanities;Humanism;Humans;Furans;Ghana,NA,NA,NA,meta-analytic estimate with variance not reported
Investigating the Relationship between Modifiable Environmental Risk Factors and Incidence of Colorectal Cancer: A Community Based Study,NA,"RAYYAN-INCLUSION: {""Kyle ""=>""Maybe"", ""Ayumi""=>""Maybe""} | RAYYAN-INCLUSION: {""Kyle ""=>""Excluded""} | RAYYAN-EXCLUSION-REASONS: not meta-analysis",NA,Colorectal Neoplasms;Risk Factors,NA,NA,NA,meta-analytic estimate with variance not reported
"Comprehensive analysis, Henry's law constant determination, and photocatalytic degradation of polychlorinated biphenyls (PCBs) and/or other persistent organic pollutants (POPs).",NA,"RAYYAN-INCLUSION: {""Kyle ""=>""Maybe"", ""Ayumi""=>""Maybe""} | RAYYAN-INCLUSION: {""Kyle ""=>""Excluded""} | RAYYAN-EXCLUSION-REASONS: not meta-analysis",NA,NA,NA,NA,NA,meta-analytic estimate with variance not reported
Metabolic Signatures of Youth Exposure to Mixtures of Per- and Polyfluoroalkyl Substances: A Multi-Cohort Study,10.1289/EHP11372,"RAYYAN-INCLUSION: {""Kyle ""=>""Maybe"", ""Ayumi""=>""Maybe""} | RAYYAN-INCLUSION: {""Kyle ""=>""Excluded""} | RAYYAN-EXCLUSION-REASONS: not meta-analysis",NA,Cohort Studies;Adolescent,NA,NA,NA,meta-analytic estimate with variance not reported
"Age at menarche and chemical exposure: per- and polyfluoroalkyl substances (PFAS), dichloro-diphenyl-trichloroethane (DDT), dichloro-diphenyl-dichloroethylene (DDE), and polychlorinated biphenyls (PCBs)",10.1080/03014460.2023.2221039,"RAYYAN-INCLUSION: {""Kyle ""=>""Maybe"", ""Ayumi""=>""Maybe""} | RAYYAN-INCLUSION: {""Kyle ""=>""Excluded""} | RAYYAN-EXCLUSION-REASONS: not meta-analysis",NA,NA,NA,NA,NA,meta-analytic estimate with variance not reported
Perfluoroalkyl substances and lipid concentrations in the blood: A systematic review of epidemiological studies,10.1016/j.scitotenv.2022.158036,"RAYYAN-INCLUSION: {""Kyle ""=>""Maybe"", ""Ayumi""=>""Maybe""} | RAYYAN-INCLUSION: {""Kyle ""=>""Excluded""} | RAYYAN-EXCLUSION-REASONS: not meta-analysis",NA,NA,NA,NA,NA,meta-analytic estimate with variance not reported
Integration of life cycle assessment and system dynamics modeling for environmental scenario analysis: A systematic review,10.1016/j.scitotenv.2023.166545,"RAYYAN-INCLUSION: {""Kyle ""=>""Maybe"", ""Ayumi""=>""Maybe""} | RAYYAN-INCLUSION: {""Kyle ""=>""Excluded""} | RAYYAN-EXCLUSION-REASONS: not meta-analysis",NA,NA,NA,NA,NA,meta-analytic estimate with variance not reported
Residues of carcinogenic pesticides in food: a systematic review,10.1515/reveh-2022-0253,"RAYYAN-INCLUSION: {""Kyle ""=>""Maybe"", ""Ayumi""=>""Maybe""} | RAYYAN-INCLUSION: {""Kyle ""=>""Excluded""} | RAYYAN-EXCLUSION-REASONS: not meta-analysis",NA,Pesticides;Carcinogens,NA,NA,NA,meta-analytic estimate with variance not reported
"Occurrence, mass loading, and post-control temporal trend of legacy perfluoroalkyl substances (PFASs) in the middle and lower Yangtze River",10.1016/j.marpolbul.2023.115966,"RAYYAN-INCLUSION: {""Lorenzo""=>""Maybe"", ""Kyle ""=>""Included"", ""Ayumi""=>""Included""} | RAYYAN-INCLUSION: {""Kyle ""=>""Excluded""} | RAYYAN-EXCLUSION-REASONS: no study level identifiers",NA,NA,NA,NA,NA,meta-analytic estimate with variance not reported
Profiling research on PFAS in wildlife: Systematic evidence map and bibliometric analysis,10.1002/2688-8319.12292,"RAYYAN-INCLUSION: {""Lorenzo""=>""Excluded"", ""Kyle ""=>""Excluded"", ""Ayumi""=>""Maybe""} | RAYYAN-INCLUSION: {""Kyle ""=>""Excluded""} | RAYYAN-EXCLUSION-REASONS: not meta-analysis",NA,Bibliometrics,NA,NA,NA,meta-analytic estimate with variance not reported
Determinants of maternal and neonatal PFAS concentrations: a review,10.1186/s12940-023-00992-x,"RAYYAN-INCLUSION: {""Kyle ""=>""Maybe"", ""Ayumi""=>""Maybe""} | RAYYAN-INCLUSION: {""Kyle ""=>""Excluded""} | RAYYAN-EXCLUSION-REASONS: not meta-analysis",NA,"Infant, Newborn",NA,NA,NA,meta-analytic estimate with variance not reported
Systematic Evidence Mapping of Potential Exposure Pathways for Per- and Polyfluoroalkyl Substances Based on Measured Occurrence in Multiple Media,10.1021/acs.est.2c07185,"RAYYAN-INCLUSION: {""Kyle ""=>""Excluded"", ""Ayumi""=>""Maybe""} | RAYYAN-INCLUSION: {""Kyle ""=>""Excluded""} | RAYYAN-LABELS: tag for lorenzo | RAYYAN-EXCLUSION-REASONS: not meta-analysis",NA,NA,NA,NA,NA,meta-analytic estimate with variance not reported
A plausibility database summarizing the level of evidence regarding the hazards induced by the exposome on children health,10.1016/j.ijheh.2023.114311,"RAYYAN-INCLUSION: {""Kyle ""=>""Excluded"", ""Ayumi""=>""Maybe""} | RAYYAN-INCLUSION: {""Kyle ""=>""Excluded""} | RAYYAN-EXCLUSION-REASONS: not meta-analysis",NA,Only Child;Child,NA,NA,NA,meta-analytic estimate with variance not reported
Public health evaluation of PFAS exposures and breastfeeding: a systematic literature review,10.1093/toxsci/kfad053,"RAYYAN-INCLUSION: {""Kyle ""=>""Maybe"", ""Ayumi""=>""Maybe""} | RAYYAN-INCLUSION: {""Kyle ""=>""Excluded""} | RAYYAN-EXCLUSION-REASONS: full text not available",NA,Breast Feeding,NA,NA,NA,full text not available
Mechanisms and pathways of PFAS degradation by advanced oxidation and reduction processes: A critical review,10.1016/j.cej.2022.138352,"RAYYAN-INCLUSION: {""Kyle ""=>""Maybe"", ""Ayumi""=>""Excluded""} | RAYYAN-INCLUSION: {""Kyle ""=>""Excluded""} | RAYYAN-EXCLUSION-REASONS: not meta-analysis",NA,Oxidation-Reduction,NA,NA,NA,meta-analytic estimate with variance not reported
Per- and polyfluoroalkyl substances (PFASs) in consumable species and food products,10.1007/s13197-022-05545-7,"RAYYAN-INCLUSION: {""Kyle ""=>""Excluded"", ""Ayumi""=>""Maybe""} | RAYYAN-INCLUSION: {""Kyle ""=>""Excluded""} | RAYYAN-EXCLUSION-REASONS: not meta-analysis",NA,NA,NA,NA,NA,meta-analytic estimate with variance not reported
"Per- and polyfluoroalkyl substances, polychlorinated biphenyls, organochlorine pesticides, and polybrominated diphenyl ethers and dysregulation of MicroRNA expression in humans and animals-A systematic review",10.1016/j.envres.2023.117832,"RAYYAN-INCLUSION: {""Kyle ""=>""Maybe"", ""Ayumi""=>""Maybe""} | RAYYAN-INCLUSION: {""Kyle ""=>""Excluded""}| RAYYAN-EXCLUSION-REASONS",NA,Humanities;Humanism;Humans;Pesticides;Animals;Animal Shells;Ethers,NA,NA,NA,NA
Exposure to Organochlorine Pesticides and Female Breast Cancer Risk According to Molecular Receptors Expression: a Systematic Review and Meta-analysis of Epidemiological Evidence,10.1007/s40572-023-00408-5,"RAYYAN-INCLUSION: {""Kyle ""=>""Included"", ""Ayumi""=>""Maybe""} | RAYYAN-INCLUSION: {""Kyle ""=>""Excluded""} | RAYYAN-EXCLUSION-REASONS: no study level identifiers",NA,Pesticides;Breast Neoplasms,NA,NA,NA,meta-analytic estimate with variance not reported
Exposure to pesticides during pregnancy and the risk of neural tube defects: A systematic review,10.1016/j.scitotenv.2023.169317,"RAYYAN-INCLUSION: {""Kyle ""=>""Maybe"", ""Ayumi""=>""Maybe""} | RAYYAN-INCLUSION: {""Kyle ""=>""Excluded""} | RAYYAN-EXCLUSION-REASONS: not meta-analysis",NA,Neural Tube Defects;Pregnancy;Pesticides,NA,NA,NA,meta-analytic estimate with variance not reported
PFAS Exposures and the Human Metabolome: A Systematic Review of Epidemiological Studies,10.1007/s40726-023-00269-4,"RAYYAN-INCLUSION: {""Kyle ""=>""Maybe"", ""Ayumi""=>""Maybe""} | RAYYAN-INCLUSION: {""Kyle ""=>""Excluded""} | RAYYAN-EXCLUSION-REASONS: not meta-analysis",NA,Humanities;Humanism;Humans,NA,NA,NA,meta-analytic estimate with variance not reported
"A critical review on the bioaccumulation, transportation, and elimination of per- and polyfluoroalkyl substances in human beings",10.1080/10643389.2023.2223118,"RAYYAN-INCLUSION: {""Kyle ""=>""Excluded"", ""Ayumi""=>""Maybe""} | RAYYAN-INCLUSION: {""Kyle ""=>""Excluded""} | RAYYAN-EXCLUSION-REASONS: full text not available",NA,Humanities;Humanism;Humans,NA,NA,NA,full text not available
Emerging Contaminants: An Emerging Risk Factor for Diabetes Mellitus,10.3390/toxics12010047,"RAYYAN-INCLUSION: {""Kyle ""=>""Excluded"", ""Ayumi""=>""Maybe""} | RAYYAN-INCLUSION: {""Kyle ""=>""Excluded""} | RAYYAN-EXCLUSION-REASONS: not meta-analysis",NA,Risk Factors,NA,NA,NA,meta-analytic estimate with variance not reported
Systematic Review: Association of Pesticide Exposure and Child Wheeze and Asthma,10.2174/1573396318666220510124457,"RAYYAN-INCLUSION: {""Kyle ""=>""Maybe"", ""Ayumi""=>""Maybe""} | RAYYAN-INCLUSION: {""Kyle ""=>""Excluded""} | RAYYAN-EXCLUSION-REASONS: not meta-analysis",NA,Only Child;Child;Pesticides;Asthma;Respiratory Sounds,NA,NA,NA,meta-analytic estimate with variance not reported
Per- and polyfluoroalkyl substances in Chinese surface waters: A review,10.1016/j.ecoenv.2023.115178,"RAYYAN-INCLUSION: {""Kyle ""=>""Maybe"", ""Ayumi""=>""Maybe""} | RAYYAN-INCLUSION: {""Kyle ""=>""Excluded""} | RAYYAN-EXCLUSION-REASONS: not meta-analysis",NA,NA,NA,NA,NA,meta-analytic estimate with variance not reported
Effects of Dichlorodiphenyltrichloroethane on the Female Reproductive Tract Leading to Infertility and Cancer: Systematic Search and Review,10.3390/toxics11090725,"RAYYAN-INCLUSION: {""Kyle ""=>""Maybe"", ""Ayumi""=>""Included""} | RAYYAN-INCLUSION: {""Kyle ""=>""Excluded""} | RAYYAN-EXCLUSION-REASONS: not meta-analysis",NA,Infertility,NA,NA,NA,meta-analytic estimate with variance not reported
"A systematic review on the current situation of emerging pollutants in Mexico: A perspective on policies, regulation, detection, and elimination in water and wastewater",10.1016/j.scitotenv.2023.167426,"RAYYAN-INCLUSION: {""Kyle ""=>""Maybe"", ""Ayumi""=>""Maybe""} | RAYYAN-INCLUSION: {""Kyle ""=>""Excluded""} | RAYYAN-EXCLUSION-REASONS: not meta-analysis",NA,Mexico,NA,NA,NA,meta-analytic estimate with variance not reported
Association between prenatal exposure to per- and polyfluoroalkyl substances and neurodevelopment in children: Evidence based on birth cohort,10.1016/j.envres.2023.116812,"RAYYAN-INCLUSION: {""Kyle ""=>""Maybe"", ""Ayumi""=>""Excluded""} | RAYYAN-INCLUSION: {""Kyle ""=>""Excluded""} | RAYYAN-EXCLUSION-REASONS: not meta-analysis",NA,Only Child;Child,NA,NA,NA,meta-analytic estimate with variance not reported
A Review of Analytical Methods and Technologies for Monitoring Per- and Polyfluoroalkyl Substances (PFAS) in Water,10.3390/w15203577,"RAYYAN-INCLUSION: {""Kyle ""=>""Maybe"", ""Ayumi""=>""Excluded""} | RAYYAN-INCLUSION: {""Kyle ""=>""Excluded""} | RAYYAN-EXCLUSION-REASONS: not meta-analysis",NA,NA,NA,NA,NA,meta-analytic estimate with variance not reported
"A systematic review on distribution, sources and sorption of perfluoroalkyl acids (PFAAs) in soil and their plant uptake",10.1016/j.envres.2023.116156,"RAYYAN-INCLUSION: {""Kyle ""=>""Maybe"", ""Ayumi""=>""Maybe""} | RAYYAN-INCLUSION: {""Kyle ""=>""Excluded""} | RAYYAN-EXCLUSION-REASONS: not meta-analysis",NA,NA,NA,NA,NA,meta-analytic estimate with variance not reported
The PFAS-Tox Database: A systematic evidence map of health studies on 29 per- and polyfluoroalkyl substances,10.1016/j.envint.2022.107408,"RAYYAN-INCLUSION: {""Kyle ""=>""Maybe"", ""Ayumi""=>""Maybe""} | RAYYAN-LABELS: systematic evidence map | RAYYAN-INCLUSION: {""Kyle ""=>""Excluded""} | RAYYAN-EXCLUSION-REASONS: not meta-analysis",NA,NA,NA,NA,NA,meta-analytic estimate with variance not reported
Persistent organic pollutants exposure and risk of autism spectrum disorders: A systematic review and meta-analysis,10.1016/j.envpol.2023.122439,"RAYYAN-INCLUSION: {""Kyle ""=>""Included"", ""Ayumi""=>""Maybe""} | RAYYAN-INCLUSION: {""Kyle ""=>""Excluded""} | RAYYAN-EXCLUSION-REASONS: no study level identifiers",NA,"Child Development Disorders, Pervasive;Autistic Disorder",NA,NA,NA,meta-analytic estimate with variance not reported
Epidemiology Evidence for Health Effects of 150 per- and Polyfluoroalkyl Substances: A Systematic Evidence Map,10.1289/EHP11185,"RAYYAN-INCLUSION: {""Kyle ""=>""Maybe"", ""Ayumi""=>""Excluded""} | RAYYAN-LABELS: systematic evidence map | RAYYAN-INCLUSION: {""Kyle ""=>""Excluded""} | RAYYAN-LABELS: tag for lorenzo | RAYYAN-EXCLUSION-REASONS: not meta-analysis",NA,NA,NA,NA,NA,meta-analytic estimate with variance not reported
Plant-based feed additives in <i>Cyprinus carpio</i> aquaculture,10.1111/raq.12840,"RAYYAN-INCLUSION: {""Kyle ""=>""Maybe"", ""Ayumi""=>""Included""} | RAYYAN-INCLUSION: {""Kyle ""=>""Excluded""} | RAYYAN-EXCLUSION-REASONS: not meta-analysis",NA,NA,NA,NA,NA,meta-analytic estimate with variance not reported
Pesticides in aquifers from Latin America and the Caribbean,10.1016/j.scitotenv.2023.165992,"RAYYAN-INCLUSION: {""Kyle ""=>""Maybe"", ""Ayumi""=>""Maybe""} | RAYYAN-INCLUSION: {""Kyle ""=>""Excluded""} | RAYYAN-EXCLUSION-REASONS: not meta-analysis",NA,Pesticides;Latin America;Caribbean Region,NA,NA,NA,meta-analytic estimate with variance not reported
Pesticide exposure and child growth in low- and middle-income countries: A systematic review,10.1016/j.envres.2022.114230,"RAYYAN-INCLUSION: {""Kyle ""=>""Maybe"", ""Ayumi""=>""Maybe""} | RAYYAN-INCLUSION: {""Kyle ""=>""Excluded""} | RAYYAN-EXCLUSION-REASONS: not meta-analysis",NA,Pesticides;Only Child;Child,NA,NA,NA,meta-analytic estimate with variance not reported
Concentration of Tetrabromobisphenol-A in fish: systematic review and meta-analysis and probabilistic health risk assessment,10.1515/reveh-2023-0157,"RAYYAN-INCLUSION: {""Kyle ""=>""Excluded"", ""Ayumi""=>""Maybe""} | RAYYAN-INCLUSION: {""Kyle ""=>""Excluded""} | RAYYAN-EXCLUSION-REASONS: full text not available",NA,Risk Assessment,NA,NA,NA,full text not available
To what extent are filter feeder elasmobranchs exposed to marine pollution? A systematic review,10.1016/j.envpol.2022.120881,"RAYYAN-INCLUSION: {""Kyle ""=>""Excluded"", ""Ayumi""=>""Maybe""} | RAYYAN-INCLUSION: {""Kyle ""=>""Excluded""} | RAYYAN-EXCLUSION-REASONS: not meta-analysis",NA,Military Personnel,NA,NA,NA,meta-analytic estimate with variance not reported
"Arsenic and Environment: A Systematic Review on Arsenic Sources, Uptake Mechanism in Plants, Health Hazards and Remediation Strategies",10.1007/s11244-023-01901-9,"RAYYAN-INCLUSION: {""Kyle ""=>""Excluded"", ""Ayumi""=>""Maybe""} | RAYYAN-INCLUSION: {""Kyle ""=>""Excluded""} | RAYYAN-EXCLUSION-REASONS: not meta-analysis",NA,Arsenic;Arsenicals;Arsenates,NA,NA,NA,meta-analytic estimate with variance not reported
A meta-analysis highlighting the increasing relevance of the hair matrix in exposure assessment to organic pollutants,10.1016/j.scitotenv.2024.170535,"RAYYAN-INCLUSION: {""Kyle ""=>""Excluded"", ""Ayumi""=>""Maybe""} | RAYYAN-INCLUSION: {""Kyle ""=>""Excluded""} | RAYYAN-EXCLUSION-REASONS: not meta-analysis",NA,Hair,NA,NA,NA,meta-analytic estimate with variance not reported
"The Emergence of Antibiotics Resistance Genes, Bacteria, and Micropollutants in Grey Wastewater",10.3390/app13042322,"RAYYAN-INCLUSION: {""Kyle ""=>""Excluded"", ""Ayumi""=>""Maybe""} | RAYYAN-INCLUSION: {""Kyle ""=>""Excluded""} | RAYYAN-EXCLUSION-REASONS: not meta-analysis",NA,"Anti-Bacterial Agents;Drug Resistance, Microbial;Bacteria",NA,NA,NA,meta-analytic estimate with variance not reported
Effects of chemical pollution on the behaviour of cichlid fish,10.1007/s10641-022-01376-9,"RAYYAN-INCLUSION: {""Kyle ""=>""Excluded"", ""Ayumi""=>""Maybe""} | RAYYAN-INCLUSION: {""Kyle ""=>""Excluded""} | RAYYAN-EXCLUSION-REASONS: not meta-analysis",NA,NA,NA,NA,NA,meta-analytic estimate with variance not reported
Studying the Impact of Persistent Organic Pollutants Exposure on Human Health by Proteomic Analysis: A Systematic Review,10.3390/ijms232214271,"RAYYAN-INCLUSION: {""Kyle ""=>""Maybe"", ""Ayumi""=>""Maybe""} | RAYYAN-INCLUSION: {""Kyle ""=>""Excluded""} | RAYYAN-EXCLUSION-REASONS: not meta-analysis",NA,Humanities;Humanism;Humans;Proteomics;Proteome,NA,NA,NA,meta-analytic estimate with variance not reported
Environmental risk scores of persistent organic pollutants associate with higher ALS risk and shorter survival in a new Michigan case/control cohort,10.1136/jnnp-2023-332121,"RAYYAN-INCLUSION: {""Kyle ""=>""Excluded"", ""Ayumi""=>""Maybe""} | RAYYAN-INCLUSION: {""Kyle ""=>""Excluded""} | RAYYAN-EXCLUSION-REASONS: no study level identifiers",NA,Michigan;Amyotrophic Lateral Sclerosis,NA,NA,NA,meta-analytic estimate with variance not reported
Early exposure to agricultural pesticides and the occurrence of autism spectrum disorder: a systematic review,10.1590/1984-0462/2023/41/2021360,"RAYYAN-INCLUSION: {""Kyle ""=>""Maybe"", ""Ayumi""=>""Maybe""} | RAYYAN-INCLUSION: {""Kyle ""=>""Excluded""} | RAYYAN-EXCLUSION-REASONS: not meta-analysis",NA,"Child Development Disorders, Pervasive;Pesticides;Autistic Disorder",NA,NA,NA,meta-analytic estimate with variance not reported
Insights into Organochlorine Pesticides Exposure in the Development of Cardiovascular Diseases: A Systematic Review,10.34172/aim.2023.86,"RAYYAN-INCLUSION: {""Kyle ""=>""Maybe"", ""Ayumi""=>""Maybe""} | RAYYAN-INCLUSION: {""Kyle ""=>""Excluded""} | RAYYAN-EXCLUSION-REASONS: not meta-analysis",NA,Cardiovascular Diseases;Pesticides,NA,NA,NA,meta-analytic estimate with variance not reported
Consumption of fruits and vegetables contaminated with pesticide residues in Brazil: A systematic review with health risk assessment,10.1016/j.chemosphere.2023.138244,"RAYYAN-INCLUSION: {""Kyle ""=>""Maybe"", ""Ayumi""=>""Maybe""} | RAYYAN-INCLUSION: {""Kyle ""=>""Excluded""} | RAYYAN-EXCLUSION-REASONS: not meta-analysis",NA,Risk Assessment;Pesticides,NA,NA,NA,meta-analytic estimate with variance not reported
Indoor residual spraying for the control of visceral leishmaniasis: A systematic review,10.1371/journal.pntd.0010391,"RAYYAN-INCLUSION: {""Kyle ""=>""Maybe"", ""Ayumi""=>""Excluded""} | RAYYAN-INCLUSION: {""Kyle ""=>""Excluded""} | RAYYAN-EXCLUSION-REASONS: not meta-analysis",NA,NA,NA,NA,NA,meta-analytic estimate with variance not reported
Lack of association between endocrine disrupting chemicals and male fertility: A systematic review and meta-analysis,10.1016/j.envres.2022.114942,"RAYYAN-INCLUSION: {""Kyle ""=>""Maybe"", ""Ayumi""=>""Maybe""} | RAYYAN-LABELS: may include ocp or pfa | RAYYAN-INCLUSION: {""Kyle ""=>""Excluded""} | RAYYAN-EXCLUSION-REASONS: no ocp or pfa",NA,Self-Fertilization;Fertilizers;Fertility,NA,NA,NA,wrong exposure
Correlation between in vitro toxicity of pesticides and in vivo risk guidelines in support of complex operating site risk management: A meta-analysis,10.1016/j.fct.2022.113502,"Export Date: 08 April 2024; Cited By: 2; Correspondence Address: S. Siciliano; Department of Soil Science, University of Saskatchewan, Saskatoon, S7N 5A8, Canada; email: steven.siciliano@usask.ca; CODEN: FCTOD | RAYYAN-INCLUSION: {""Lorenzo""=>""Included"", ""Kyle ""=>""Maybe""} | USER-NOTES: {""Lorenzo""=>[""not sure if it includes PFAS or OCPs""]} | RAYYAN-INCLUSION: {""Kyle ""=>""Excluded""} | RAYYAN-EXCLUSION-REASONS: no study level identifiers",NA,"Human cells;IC50;In vivo risk guidelines;Pesticides;Toxicity;Biological Assay;Cell Line;Humans;Inhibitory Concentration 50;Neuroblastoma;0,3 dibutyl 0 (2,2 dichlorovinyl) phosphate;0,3 dioctyl 0 (2,2 dichlorovinyl) phosphate;1,1 dichloro 2,2 bis(4 chlorophenyl)ethane;1,1 dichloro 2,2 bis(4 chlorophenyl)ethylene;3,4 dichloroaniline;abamectin;acetamiprid;acetochlor;alachlor;allethrin;avermectin;azoxystrobin;bifenthrin;bioallethrin;captan;carbaril;carbendazim;carbofuran;chloranil;chlorothalonil;chlorphenotane;chlorpyrifos;chlorpyrifos oxon;clothianidin;copper oxychloride;cyclic tolyl saligenin phosphate;cyfluthrin;cyhalothrin;cypermethrin;cyphenothrin;deltamethrin;dichlorvos;dieldrin;difenoconazole;diflubenzuron;dimethoate;dimpylate;diphenylamine;diuron;dyflos;edifenphos;endosulfan;endosulfan diol;endosulfan lactone;endosulfan sulfate;esbiothrin;fenvalerate;fipronil;fipronil sulfone;glyphosate;heptachlor;imidacloprid;iprodione;isocarbophos;lindane;malaoxon;malathion;maneb;methamidophos;methoxychlor;metolachlor;mipafox;monochrotophos;monocrotophos;myclobutanil;omethoate;paraoxon;paraquat;parathion;parathion methyl;pentachlorophenol;permethrin;pesticide;phorate;phosalone;piperonyl butoxide;prochloraz;procymidone;profenofos;propargite;propiconazole;pyrethroid;pyridaben;pyrimethanil;rotenone;spinetoram;spinosad;stirofos;tetrachloro 1,2 hydroquinonen;thiacloprid;thiometoxam;tolylfluanid;triazophos;trifloxystrobin;unclassified drug;zineb;bioassay;biosafety;chemical industry;correlation coefficient;correlational study;data extraction;HaCat cell line;health risk assessment;HEK293 cell line;HeLa cell line;Hep-G2 cell line;HepaRG cell line;human;HUVEC cell line;in vitro study;in vivo study;JEG-3 cell line;linear regression analysis;liver cell;lymphocyte;MTT assay;packaging;practice guideline;quantitative analysis;Review;SH-SY5Y cell line;systematic review;toxicity testing;cell line;meta analysis;neuroblastoma;Risk Management",NA,NA,NA,meta-analytic estimate with variance not reported
Retraction: Association of Pentachlorophenol with Fetal Risk of Prolonged Bradycardia: A Systematic Review and Meta-Analysis (Journal of Healthcare Engineering (2022) 2022 (7552294) DOI: 10.1155/2022/7552294),10.1155/2023/9807423,"Export Date: 08 April 2024; Cited By: 0 | RAYYAN-INCLUSION: {""Lorenzo""=>""Included"", ""Kyle ""=>""Maybe""} | RAYYAN-LABELS: retraction | RAYYAN-INCLUSION: {""Kyle ""=>""Excluded""} | RAYYAN-EXCLUSION-REASONS: full text not available",NA,retraction notice;Bradycardia,NA,NA,NA,full text not available
Relationship between Alcohol Co-Ingestion and Clinical Outcome in Pesticide Self-Poisoning: A Systematic Review and Meta-Analysis,10.1093/alcalc/agac045,"Export Date: 08 April 2024; Cited By: 3; Correspondence Address: F. Mohamed; Clinical Pharmacology and Toxicology Research Group, Biomedical Informatics and Digital Health, Faculty of Medicine and Health, The University of Sydney, Sydney, Australia; email: fahim.cader@gmail.com; CODEN: ALALD | RAYYAN-INCLUSION: {""Lorenzo""=>""Included"", ""Kyle ""=>""Maybe""} | RAYYAN-INCLUSION: {""Kyle ""=>""Excluded""} | RAYYAN-EXCLUSION-REASONS: no ocp or pfa",NA,Cohort Studies;Eating;Ethanol;Humans;Insecticides;Organophosphate Poisoning;Organophosphorus Compounds;Pesticides;acetylcholinesterase;alcohol;aldehyde oxidase;bispyribac;carbamate insecticide;cholinesterase;cholinesterase inhibitor;dimethoate;endosulfan;ethiofencarb;glufosinate;imidacloprid;insecticide;mirtazapine;neonicotinoid;organochlorine insecticide;organophosphate insecticide;paraquat;pesticide;profenofos;pyrethroid;unclassified drug;organophosphorus compound;acute lung injury;adult;aged;alcohol consumption;aspiration pneumonia;cause of death;clinical outcome;comparative study;consciousness;controlled study;data base;data extraction;demographics;endotracheal intubation;Glasgow coma scale;heart arrhythmia;hospitalization;human;hypotension;ingestion;kidney injury;meta analysis;metabolic acidosis;middle aged;multiple organ failure;outcome assessment;patient care;personal experience;quality control;Review;risk assessment;risk factor;self poisoning;survivor;systematic review;treatment duration;treatment outcome;cohort analysis;eating;organophosphate poisoning;Poisoning;Alcoholics;Poisons,NA,NA,NA,wrong exposure
The environmental and occupational influence of pesticides on male fertility: A systematic review of human studies,10.1111/andr.13228,"Export Date: 08 April 2024; Cited By: 20; Correspondence Address: C. Giulioni; Department of Urology, Polytechnic University of Marche Region, Ancona, Italy; email: carlo.giulioni9@gmail.com | RAYYAN-INCLUSION: {""Lorenzo""=>""Excluded"", ""Kyle ""=>""Maybe""} | RAYYAN-INCLUSION: {""Kyle ""=>""Excluded""} | RAYYAN-EXCLUSION-REASONS: not meta-analysis",NA,"chromosome aneuploidy;DNA integrity;male fertility;pesticides;semen parameters;Aneuploidy;Chromatin;DNA;Fertility;Humans;Infertility, Male;Male;Occupational Exposure;Organophosphates;Pesticides;Pyrethrins;Semen;Semen Analysis;Sperm Count;Sperm Motility;Spermatozoa;abamectin;alachlor;atrazine;dimethoate;dimpylate;herbicide;insecticide;methamidophos;organochlorine derivative;parathion methyl;pesticide;organophosphate;pyrethroid;adult;aneuploidy;CAG repeat;DNA damage;DNA fragmentation;environmental exposure;human;male;male infertility;Medline;meta analysis;observational study;occupational exposure;Review;Scopus;sperm count;sperm quality;spermatozoon density;spermatozoon motility;systematic review;Web of Science;adverse event;chromatin;fertility;semen analysis;sperm;spermatozoon;Humanities;Humanism;Fertilizers;Self-Fertilization",NA,NA,NA,meta-analytic estimate with variance not reported
Occurrence of persistent organic pollutants (POPs) in the atmosphere of South Korea: A review,10.1016/j.envpol.2022.119586,"Export Date: 08 April 2024; Cited By: 6; Correspondence Address: S. Rezania; Department of Environment and Energy, Sejong University, Seoul, 05006, South Korea; email: shahab.rezania@sejong.ac.kr; CODEN: ENPOE | RAYYAN-INCLUSION: {""Lorenzo""=>""Excluded"", ""Kyle ""=>""Maybe""} | RAYYAN-LABELS: may include ocp or pfa | RAYYAN-INCLUSION: {""Kyle ""=>""Excluded""} | RAYYAN-EXCLUSION-REASONS: not meta-analysis",NA,"Atmosphere;Brominated flame retardants (BFRs);Polycyclic aromatic hydrocarbons (PAHs);POPs;South Korea;Environmental Monitoring;Environmental Pollutants;Halogenated Diphenyl Ethers;Humans;Persistent Organic Pollutants;Polychlorinated Biphenyls;Polycyclic Aromatic Hydrocarbons;Agricultural products;Flame retardants;Polychlorinated biphenyls;Polycyclic aromatic hydrocarbons;Water pollution;1,2 bis (2,4,6 tribromophenoxy)ethane;2 ethylhexyl 2,3,4,5 tetrabromobenzoate;benzo[a]pyrene;bis (2 ethylhexyl) 3,4,5,6 tetrabromophthalate;decabromodiphenylethane;flame retardant;hexabromocyclododecane;hexachlorocyclohexane;polybrominated dibenzodioxin;polybrominated diphenyl ether;polychlorinated biphenyl;polychlorinated dibenzodioxin;polychlorinated dibenzofuran;polycyclic aromatic hydrocarbon;tetrabromobisphenol A;unclassified drug;diphenyl ether derivative;Air soils;Air-water;Brominated flame retardant;Brominated flame retardants;Environmental compartment;Environmental health;Human health;Persistent organic pollutant;Polycyclic aromatic hydrocarbon;atmospheric pollution;PAH;persistent organic pollutant;pollutant transport;spatial distribution;air pollution;Article;atmosphere;autumn;bioaccumulation;chemical structure;combustion;concentration (parameter);e-waste;environmental exposure;environmental risk;halogenation;hydrophilicity;hydrophobicity;industrial waste;landfill;leaching;limit of detection;lipophilicity;liquid chromatography-mass spectrometry;liquid waste;mass fragmentography;measurement repeatability;microwave assisted extraction;municipal wastewater;particulate matter;physical chemistry;recycling;seasonal variation;sensitivity and specificity;sludge;solid phase microextraction;solvent extraction;Soxhlet extraction;spring;summer;ultrasound assisted extraction;ultraviolet radiation;vapor pressure;waste water treatment plant;weathering;winter;environmental monitoring;human;meta analysis;pollutant;Organic pollutants;Korea",NA,NA,NA,meta-analytic estimate with variance not reported
Impact of Pesticides on Cancer and Congenital Malformation: A Systematic Review,10.3390/toxics10110676,"Export Date: 08 April 2024; Cited By: 5; Correspondence Address: C.S. Oliveira; Instituto de Pesquisa Pelé Pequeno Príncipe, Curitiba, Rua Silva Jardim, 1632, PR, 80250-060, Brazil; email: claudia.bioquimica@yahoo.com.br | RAYYAN-INCLUSION: {""Lorenzo""=>""Excluded"", ""Kyle ""=>""Maybe""} | RAYYAN-INCLUSION: {""Kyle ""=>""Excluded""} | RAYYAN-EXCLUSION-REASONS: not meta-analysis",NA,"birth defect;cancer;congenital malformations;environmental contaminants;neoplasm;pesticides;1,1 dichloro 2,2 bis(4 chlorophenyl)ethylene;1,2 dichloroethylene;benzene;beta hexachlorocyclohexane;dieldrin;endosulfan;hexachlorobenzene;lindane;mancozeb;pesticide;polychlorinated biphenyl;tetrachloroethylene;trichloroethylene;vinyl chloride;adolescent;adult;agricultural worker;child;congenital malformation;environmental exposure;female;food contamination;human;infant;male;malignant neoplasm;middle aged;newborn;occupational exposure;Review;systematic review;water contamination;Pesticides",NA,NA,NA,meta-analytic estimate with variance not reported
Pesticide residues levels in raw cow's milk and health risk assessment across the globe: A systematic review,10.1016/j.envadv.2022.100266,"Export Date: 08 April 2024; Cited By: 10; Correspondence Address: S. Boudalia; Département d’Écologie et Génie de l'Environnement, Guelma, Université 8 Mai 1945 Guelma BP 4010, 24000, Algeria; email: boudalia.sofiane@univ-guelma.dz | RAYYAN-INCLUSION: {""Lorenzo""=>""Excluded"", ""Kyle ""=>""Maybe""} | RAYYAN-INCLUSION: {""Kyle ""=>""Excluded""} | RAYYAN-EXCLUSION-REASONS: not meta-analysis",NA,Acceptable daily intakes;Contamination level;Health risk assessment;Pesticide residues;Raw cow's milk;Risk Assessment;Pesticides;Pesticide Residues,NA,NA,NA,meta-analytic estimate with variance not reported
Treatment Options for Pseudoaneurysm After Carotid Endarterectomy: A Systematic Review and Illustrative Case,10.1016/j.wneu.2022.08.124,"Export Date: 08 April 2024; Cited By: 1; Correspondence Address: C. Heskett; The University of Kansas School of Medicine, Kansas City, United States; email: cheskett@kumc.edu | RAYYAN-INCLUSION: {""Lorenzo""=>""Excluded"", ""Kyle ""=>""Maybe""} | RAYYAN-INCLUSION: {""Kyle ""=>""Excluded""} | RAYYAN-EXCLUSION-REASONS: not meta-analysis",NA,"Carotid endarterectomy;Neurosurgery;Pseudoaneurysm;Treatment;Aged;Aneurysm, False;Blood Vessel Prosthesis Implantation;Carotid Stenosis;Endarterectomy, Carotid;Female;Humans;Male;Retrospective Studies;Treatment Outcome;acetylsalicylic acid;clopidogrel;heparin;polyvinyl alcohol sponge;rivaroxaban;thrombin;warfarin;adult;aged;aneurysm rupture;aneurysm surgery;artery graft;carotid endarterectomy;case report;clinical article;clinical outcome;diagnosis time;digital subtraction angiography;endovascular surgery;false aneurysm;female;femoral artery;heart infarction;hospital discharge;human;infected aneurysm;ligation;male;medical decision making;Medline;middle aged;neurosurgery;open surgery;postoperative complication;Preferred Reporting Items for Systematic Reviews and Meta-Analyses;restenosis;Review;right common carotid artery;Scopus;Staphylococcus;systematic review;transient ischemic attack;very elderly;Web of Science;adverse event;blood vessel transplantation;carotid artery occlusion;diagnostic imaging;procedures;retrospective study;treatment outcome;Carotid Artery Injuries;Endarterectomy",NA,NA,NA,meta-analytic estimate with variance not reported
"The SH-SY5Y human neuroblastoma cell line, a relevant in vitro cell model for investigating neurotoxicology in human: Focus on organic pollutants",10.1016/j.neuro.2022.07.008,"Export Date: 08 April 2024; Cited By: 55; Correspondence Address: X. Coumoul; Université Paris Cité, Paris, 45 rue des Saints Pères, F-75006, France; email: xavier.coumoul@u-paris.fr; CODEN: NRTXD | RAYYAN-INCLUSION: {""Lorenzo""=>""Excluded"", ""Kyle ""=>""Maybe""} | RAYYAN-INCLUSION: {""Kyle ""=>""Excluded""} | RAYYAN-EXCLUSION-REASONS: not meta-analysis",NA,"Environmental pollutants;Neural cells;Neurotoxicity;Toxicology;Adult;Animals;Cell Line, Tumor;Cell Survival;Child;Environmental Pollutants;Flame Retardants;Fluorocarbons;Humans;Neuroblastoma;Neurotoxicity Syndromes;Parabens;Pesticides;Polychlorinated Dibenzodioxins;2,3,7,8 tetrachlorodibenzo para dioxin;4 hydroxybenzoic acid ester;4,4' isopropylidenediphenol;brain derived neurotrophic factor;esterase;flame retardant;neonicotinoid;organochlorine pesticide;organophosphate pesticide;pesticide;phthalic acid;polybrominated diphenyl ether;polychlorinated biphenyl;polycyclic aromatic hydrocarbon derivative;pyrethroid;retinoic acid;fluorocarbon;polychlorinated dibenzodioxin;cell culture;cell function;cytotoxicity;enzyme activity;high throughput screening;human;immunocytochemistry;in vitro study;methodology;nerve cell characteristics and functions;neurotoxicology;nonhuman;pollutant;Review;SH-SY5Y cell line;systematic review;adult;animal;cell survival;child;metabolism;neuroblastoma;toxicity;toxicity and intoxication;tumor cell line;Humanities;Humanism",NA,NA,NA,meta-analytic estimate with variance not reported
A tool for screening potentially inappropriate prescribing in Chinese children,10.3389/fphar.2022.1019795,"Export Date: 08 April 2024; Cited By: 2; Correspondence Address: L. Huang; Department of Pharmacy, West China Second University Hospital, Sichuan University, Chengdu, China; email: hliang_1022@163.com; L. Zhang; Department of Pharmacy, West China Second University Hospital, Sichuan University, Chengdu, China; email: zhanglingli@scu.edu.cn | RAYYAN-INCLUSION: {""Lorenzo""=>""Excluded"", ""Kyle ""=>""Maybe""} | RAYYAN-INCLUSION: {""Kyle ""=>""Excluded""} | RAYYAN-EXCLUSION-REASONS: not meta-analysis",NA,children;inappropriate prescribing;inappropriate prescription;potentially inappropriate medication;prescribing omission;screening tool;aminoglycoside antibiotic agent;aminophylline;anticonvulsive agent;antihistaminic agent;asarone;asparaginase;atazanavir;azithromycin;beclometasone;benzocaine;camphor;carbocisteine;cefathiamidine;cefradine;ceftriaxone;chloramphenicol;chlorhexidine;chuanhuning;cyclosporine;darunavir;dexamethasone;diazepam;diphenoxylate;domperidone;dopamine receptor blocking agent;erythromycin;fluticasone propionate;Houttuynia cordata extract;indinavir;indometacin;isotretinoin;lamotrigine;lidocaine;lincomycin;lindane;metoclopramide;midazolam;naloxone;naphazoline;neuroleptic agent;opiate;penicillin derivative;phenytoin;polystyrenesulfonic acid;propofol;qingkailing;quinoline derived antiinfective agent;quinolone;reduning;retinoic acid;serotonin noradrenalin reuptake inhibitor;serotonin uptake inhibitor;sodium dihydrogen phosphate;sulfonamide;tetracycline;thalidomide;thioctic acid;tricyclic antidepressant agent;Tripterygium wilfordii extract;unclassified drug;valproic acid;vancomycin;verapamil;voriconazole;xiyanping;yanhuning;zoledronic acid;Article;child;Chinese;Delphi study;drug information;experience;health care quality;health promotion;human;knowledge;Likert scale;medication error;pediatrics;risk reduction;systematic review;Only Child;Child,NA,NA,NA,meta-analytic estimate with variance not reported
How to investigate human health effects related to exposure to mixtures of per- and polyfluoroalkyl substances: A systematic review of statistical methods,10.1016/j.envres.2021.112565,"Export Date: 08 April 2024; Cited By: 13; Correspondence Address: C. Canova; Unit of Biostatistics, Epidemiology and Public Health, Department of Cardio-Thoraco-Vascular Sciences and Public Health, University of Padua, Padova, Italy; email: cristina.canova@unipd.it; CODEN: ENVRA | RAYYAN-INCLUSION: {""Lorenzo""=>""Maybe"", ""Kyle ""=>""Maybe""} | RAYYAN-INCLUSION: {""Kyle ""=>""Excluded""} | RAYYAN-EXCLUSION-REASONS: not meta-analysis",NA,Chemical mixtures;Environmental exposure;Human health;Joint effect;per- and polyfluoroalkyl substances (PFAS);Alkanesulfonic Acids;Bayes Theorem;Child;Environmental Pollutants;Europe;Fluorocarbons;Humans;Thyroid Hormones;North America;alkyl group;environmental chemical;perfluoroalkanoic acid;sex hormone;thyroid hormone;alkanesulfonic acid;fluorocarbon;chemical substance;health impact;literature review;pollution exposure;public health;statistical analysis;adolescent;adult;aged;Bayes theorem;child;clinical evaluation;clinical feature;clinical outcome;controlled study;environmental exposure;female;fetus development;health hazard;homeostasis;hormone metabolism;human;immunotoxicity;k means clustering;least square analysis;male;nerve cell differentiation;nervous system development;outcome assessment;population exposure;Review;risk assessment;structural equation modeling;systematic review;thyroid gland;pollutant;toxicity;Humanities;Humanism,NA,NA,NA,meta-analytic estimate with variance not reported
Systematic Evidence Map for Over One Hundred and Fifty Per-and Polyfluoroalkyl Substances (PFAS),10.1289/EHP10343,"Export Date: 08 April 2024; Cited By: 31; Correspondence Address: L.M. Carlson; U.S. EPA, Durham, 109 TW Alexander Dr., 27710, United States; email: carlson.laura@epa.gov | RAYYAN-INCLUSION: {""Lorenzo""=>""Excluded"", ""Kyle ""=>""Maybe""} | RAYYAN-LABELS: systematic evidence map | RAYYAN-INCLUSION: {""Kyle ""=>""Excluded""} | RAYYAN-EXCLUSION-REASONS: not meta-analysis",NA,"Animals;Databases, Factual;Epidemiologic Studies;Fluorocarbons;Humans;Mammals;Reproduction;United States;United States Environmental Protection Agency;fluorocarbon;animal experiment;animal model;bioassay;data extraction;endocrine system;environmental protection;excretion;grey literature;human;immune system;in vitro study;liver;machine learning;mammal;metabolism;metadata;nonhuman;outcome assessment;population exposure;review;software;toxicology;animal;epidemiology;factual database;government;reproduction",NA,NA,NA,meta-analytic estimate with variance not reported
Assessment of endocrine disruptive properties of PFOS: EFSA/ECHA guidance case study utilising AOP networks and alternative methods,10.2903/j.efsa.2022.e200418,"Export Date: 08 April 2024; Cited By: 2; Correspondence Address: M. Pípal; Institute of Environmental Medicine, Karolinska Institutet, Sweden; email: eu-fora@efsa.europa.eu | RAYYAN-INCLUSION: {""Lorenzo""=>""Excluded"", ""Kyle ""=>""Maybe""} | RAYYAN-INCLUSION: {""Kyle ""=>""Excluded""} | RAYYAN-EXCLUSION-REASONS: not meta-analysis",NA,AOP;endocrine disrupter;NAM;next generation risk assessment;PFOS,NA,NA,NA,meta-analytic estimate with variance not reported
Quantitative relationship between earthworms’ sensitivity to organic pollutants and the contaminants’ degradation in soil: A meta-analysis,10.1016/j.jhazmat.2022.128286,"Export Date: 08 April 2024; Cited By: 18; Correspondence Address: M. Sun; Soil Ecology Lab, College of Resources and Environmental Science, Nanjing Agricultural University, Nanjing, 210095, China; email: sunmingming@njau.edu.cn; CODEN: JHMAD | RAYYAN-INCLUSION: {""Lorenzo""=>""Excluded"", ""Kyle ""=>""Maybe""} | RAYYAN-INCLUSION: {""Kyle ""=>""Excluded""} | RAYYAN-EXCLUSION-REASONS: no study level identifiers",NA,"Bioremediation;Earthworms;Meta-analysis;Organic pollutant;Toxicology;Animals;Biodegradation, Environmental;Environmental Pollutants;Oligochaeta;Soil;Soil Pollutants;Biotechnology;Degradation;Soil conservation;Soil pollution;Soils;Textures;1 chloro 4 nitrobenzene;chlordane;fipronil;nitrogen;polychlorinated biphenyl;soil organic matter;tetracycline;Contaminant degradation;Degradation rate;Earthworm;Eco-toxicology;Effect size;Journal articles;Organic pollutant degradation;Pollutant degradation;bioremediation;earthworm;meta-analysis;organic pollutant;quantitative analysis;sensitivity analysis;soil degradation;soil pollution;Article;controlled study;degradation;Eisenia andrei;Eisenia fetida;environmental factor;LC50;nonhuman;organic pollution;soil acidity;soil pollutant;soil remediation;soil texture;structural equation modeling;waste component removal;animal;chemistry;meta analysis;metabolism;pollutant;soil;Organic pollutants",NA,NA,NA,meta-analytic estimate with variance not reported
Sonolysis of per- and poly fluoroalkyl substances (PFAS): A meta-analysis,10.1016/j.ultsonch.2022.105944,"Export Date: 08 April 2024; Cited By: 22; Correspondence Address: M.J. Bussemaker; Department of Chemical and Process Engineering, University of Surrey, Guildford, Surrey, GU2 7XH, United Kingdom; email: m.bussemaker@surrey.ac.uk; CODEN: ULSOE | RAYYAN-INCLUSION: {""Lorenzo""=>""Maybe"", ""Kyle ""=>""Included""} | RAYYAN-INCLUSION: {""Kyle ""=>""Excluded""} | RAYYAN-EXCLUSION-REASONS: not meta-analysis,no study level identifiers",NA,"Literature review;Meta-analysis;Parametric;PFAS;Sonolysis;Ultrasonic degradation;Adsorption;Carboxylic Acids;Fluorocarbons;Humans;Water;Water Pollutants, Chemical;Carboxylation;Diseases;Mineralogy;Reaction intermediates;Reaction kinetics;carbon dioxide;carbon monoxide;carboxylic acid;chemical compound;fluoride;fluorine;hydrogen;perfluoroalkyl substance;perfluoroether carboxylate;perfluorooctanesulfonic acid;perfluorooctanoic acid;polyfluoroalkyl substance;radical;sulfate;unclassified drug;fluorocarbon;water;Intermediate product;Literature reviews;Mineralisation;Poly fluoroalkyl substance;Power;Rate-limiting steps;adsorption;biodegradation;biotransformation;carbon balance;chemical structure;comparative study;concentration (parameter);contamination;defluorination;degradation;dilution;fire fighter;fluorination;foam;frequency;gas;gas chromatography;high performance liquid chromatography;hydrophobicity;kinetics;landfill leachate;mass spectrometry;methodology;mineralization;oxidation;pH;reaction analysis;Review;sonolysis;stoichiometry;temperature;ultrasound;wastewater;human;meta analysis;water pollutant;Degradation;RNA, Messenger;Polyglactin 910;Poly(ADP-ribose) Polymerases;Poly(A)-Binding Protein II;Poly(A)-Binding Proteins;Poly I-C;Poly A-U",NA,NA,NA,meta-analytic estimate with variance not reported
Human exposure pathways to poly- and perfluoroalkyl substances (PFAS) from indoor media: A systematic review,10.1016/j.envint.2022.107149,"Export Date: 08 April 2024; Cited By: 28; Correspondence Address: N.M. DeLuca; 109 T.W. Alexander Drive, Research Triangle Park, NC, 27709; email: deluca.nicole@epa.gov; CODEN: ENVID | RAYYAN-INCLUSION: {""Lorenzo""=>""Excluded"", ""Kyle ""=>""Maybe""} | RAYYAN-INCLUSION: {""Kyle ""=>""Excluded""} | RAYYAN-EXCLUSION-REASONS: not meta-analysis",NA,"Alkanesulfonic Acids;Biological Monitoring;Culture Media;Drinking Water;Dust;Environmental Pollutants;Female;Fluorocarbons;Humans;Potable water;Risk perception;cosmetic;perfluorononanoic acid;perfluorooctanesulfonic acid;perfluorooctanoic acid;alkanesulfonic acid;drinking water;fluorocarbon;Exposure pathways;House dust;Human exposures;Indoor air;Indoor exposure;Perfluoroalkyl substances;Polyfluoroalkyl substances;Residential environment;Serum concentration;Systematic Review;biomonitoring;concentration (composition);dust;indoor air;organohalogen;pollution exposure;ambient air;Article;artificial intelligence;blood sampling;Caucasian;cleaning;concentration (parameter);consumer;environmental exposure;evidence based practice;house dust;household;human;indoor environment;inhalation;machine learning;population structure;risk factor;sex difference;social participation;social status;systematic review;biological monitoring;chemistry;culture medium;female;pollutant;Consumer products;Humanities;Humanism;RNA, Messenger;Polyglactin 910;Poly(A)-Binding Protein II;Poly(A)-Binding Proteins;Poly I-C;Poly A-U;Poly(ADP-ribose) Polymerases;Polymethyl Methacrylate",NA,NA,NA,meta-analytic estimate with variance not reported
A review on per- and polyfluorinated alkyl substances (PFASs) in microplastic and food-contact materials,10.1016/j.envres.2021.112595,"Export Date: 08 April 2024; Cited By: 29; Correspondence Address: B. Barhoumi; IAEA Environment Laboratories, 4a Quai Antoine 1er, Monaco, Principality of, 98000, Monaco; email: B.Barhoumi@iaea.org; I. Tolosa; IAEA Environment Laboratories, 4a Quai Antoine 1er, Monaco, Principality of, 98000, Monaco; email: I.Tolosa@iaea.org; CODEN: ENVRA | RAYYAN-INCLUSION: {""Lorenzo""=>""Excluded"", ""Kyle ""=>""Maybe""} | RAYYAN-INCLUSION: {""Kyle ""=>""Excluded""} | RAYYAN-EXCLUSION-REASONS: not meta-analysis",NA,"FCMs;Microplastics;Migration;PFAAs;Precursors;Sorption;Ecosystem;Fluorocarbons;Humans;Plastics;Water Pollutants, Chemical;acetic acid;alcohol derivative;carboxylic acid;fluorotelomer alcohol;inorganic compound;microplastic;nanoplastic;organofluorine derivative;organophosphate;perfluoro compound;phosphinic acid derivative;phosphonic acid derivative;polymer;sulfonic acid derivative;unclassified drug;fluorocarbon;plastic;biodegradation;chemical substance;desorption;health risk;mortality risk;risk;risk factor;adsorption;aquatic environment;butter;cereal;classification;dangerous goods;ecosystem restoration;ecotoxicology;environmental factor;fluorination;food;food packaging;health hazard;hydrophobicity;information retrieval;microplastic pollution;milk;nonhuman;pollution transport;Review;ScienceDirect;search engine;static electricity;Web of Science;ecosystem;human;water pollutant;Food",NA,NA,NA,meta-analytic estimate with variance not reported
Insights into the mechanisms of organic pollutant toxicity to earthworms: Advances and perspectives,10.1016/j.envpol.2022.119120,"Export Date: 08 April 2024; Cited By: 23; Correspondence Address: C. Wang; Beijing, Address: Yuanming Yuan West Road 2 #, China; email: wangchengju@cau.edu.cn; CODEN: ENPOE | RAYYAN-INCLUSION: {""Lorenzo""=>""Excluded"", ""Kyle ""=>""Maybe""} | RAYYAN-INCLUSION: {""Kyle ""=>""Excluded""} | RAYYAN-EXCLUSION-REASONS: not meta-analysis",NA,Adverse effects;Bibliometrics;Earthworm;Soil ecosystems;Toxic mechanisms;Animals;Environmental Pollutants;Microbiota;Oligochaeta;Soil;Soil Pollutants;Biochemistry;Cell death;Data handling;Detoxification;Ecosystems;Heavy metals;Metal nanoparticles;Organic pollutants;Soil pollution;Soils;Adverse effect;Bibliometric;Ecological roles;Soil fertility;Soil formations;Soil structure;Soil-structure;Toxic mechanism;earthworm;organic pollutant;pollution effect;soil ecosystem;toxicity;bibliometrics;concentration (parameter);data processing;detoxification;dysbiosis;enteritis;intestine injury;metabolic disorder;neurotoxicity;nonhuman;oxidative stress;pollutant;reproductive toxicity;Review;soil;animal;chemistry;metabolism;microflora;soil pollutant;Toxicity,NA,NA,NA,meta-analytic estimate with variance not reported
Global Exposure to Per- and Polyfluoroalkyl Substances and Associated Burden of Low Birthweight,10.1021/acs.est.1c08669,"Export Date: 08 April 2024; Cited By: 19; Correspondence Address: Z. Dong; School of Space and Environment, Beihang University, 100191, Beijing, China; email: chaomi_87@163.com; CODEN: ESTHA | RAYYAN-INCLUSION: {""Lorenzo""=>""Included"", ""Kyle ""=>""Maybe""} | RAYYAN-INCLUSION: {""Kyle ""=>""Excluded""} | RAYYAN-EXCLUSION-REASONS: not meta-analysis",NA,burden disease;global;low birthweight;meta-analysis;PFAS;Alkanesulfonic Acids;Birth Weight;Carbon;Endocrine Disruptors;Environmental Pollutants;Far East;Fluorocarbons;Humans;Asia;Endocrine disrupters;endocrine disruptor;perfluorinated carboxylic acid;perfluoroalkyl substance;perfluorodecanoic acid;perfluoroheptanoic acid;perfluorohexanesulfonic acid;perfluorononanoic acid;perfluorooctanesulfonic acid;perfluorooctanoic acid;perfluorosulfonic acid;perfluoroundecanoic acid;polyfluoroalkyl substance;unclassified drug;alkanesulfonic acid;carbon;fluorocarbon;Birthweight;Burden disease;Endocrine disrupting chemicals;Global;Health concerns;Large datasets;Low birthweight;Meta-analysis;Perfluorooctanoic acid;Polyfluoroalkyl substances;biomonitoring;data set;public health;antibody blood level;Article;biological monitoring;breast milk;controlled study;data availability;disease burden;dose response;environmental exposure;female;health hazard;human;low birth weight;male;meta analysis (topic);persistent organic pollutant;prevalence;spatiotemporal analysis;birth weight;pollutant;Large dataset,NA,NA,NA,meta-analytic estimate with variance not reported
Poly- and Perfluoroalkyl Substances in Municipal Wastewater Treatment Plants in the United States: Seasonal Patterns and Meta-Analysis of Long-Term Trends and Average Concentrations,10.1021/acsestwater.1c00377,"Export Date: 08 April 2024; Cited By: 41; Correspondence Address: K.A. Thompson; Water Quality Research and Development, Southern Nevada Water Authority, Henderson, 1299 Burkholder Boulevard, 89015, United States; email: kthompson@carollo.com; E.R.V. Dickenson; Water Quality Research and Development, Southern Nevada Water Authority, Henderson, 1299 Burkholder Boulevard, 89015, United States; email: eric.dickenson@snwa.com | RAYYAN-INCLUSION: {""Lorenzo""=>""Maybe"", ""Kyle ""=>""Included""} | RAYYAN-INCLUSION: {""Kyle ""=>""Excluded""} | RAYYAN-EXCLUSION-REASONS: not meta-analysis,no study level identifiers",NA,"Poly(A)-Binding Protein II;RNA, Messenger;Poly A-U;Poly I-C;Poly(A)-Binding Proteins;Poly(ADP-ribose) Polymerases;Poly G;Poly T;Polylysine;Polyglactin 910",NA,NA,NA,meta-analytic estimate with variance not reported
Pesticide exposure and risk of cardiovascular disease: A systematic review,10.1080/17441692.2020.1808693,"Export Date: 08 April 2024; Cited By: 20; Correspondence Address: A.M. Zago; Federal University of Pelotas, Pelotas, Marechal Deodoro, n° 1160 – 3° piso, RS, 96020-220, Brazil; email: adrianamzago@gmail.com | RAYYAN-INCLUSION: {""Lorenzo""=>""Excluded"", ""Kyle ""=>""Maybe""} | RAYYAN-INCLUSION: {""Kyle ""=>""Excluded""} | RAYYAN-EXCLUSION-REASONS: not meta-analysis",NA,"Cardiovascular disease;environmental contamination;farmworker;pesticides;systemic arterial hypertension;Cardiovascular Diseases;Cross-Sectional Studies;Environmental Exposure;Humans;Occupational Exposure;Pesticides;1,2 dibromoethane;2,3,7,8 tetrachlorodibenzo para dioxin;arsenic;cacodylic acid;carbofuran;chlorpyrifos;coumafos;deltamethrin;fenitrothion;heavy metal;malathion;mancozeb;metalaxyl;organochlorine derivative;pendimethalin;pesticide;trifluralin;ziram;acute heart infarction;adolescent;adult;aged;agricultural worker;Article;atherosclerosis;cardiovascular disease;cardiovascular risk;environmental exposure;female;human;hypertension;male;Medline;occupational exposure;pollution;public policy;risk assessment;ScienceDirect;systematic review;adverse event;cross-sectional study",NA,NA,NA,meta-analytic estimate with variance not reported
Systematic review of prenatal exposure to endocrine disrupting chemicals and autism spectrum disorder in offspring,10.1177/13623613211039950,"Export Date: 08 April 2024; Cited By: 3; Correspondence Address: M. Morales Suárez-Varela; Unit of Public Health and Environmental Care, Department of Preventive Medicine and Public Health, Food Sciences, Toxicology and Forensic Medicine, University of Valencia, Spain; email: maria.m.morales@uv.es; CODEN: AUTIF | RAYYAN-INCLUSION: {""Lorenzo""=>""Excluded"", ""Kyle ""=>""Maybe""} | RAYYAN-INCLUSION: {""Kyle ""=>""Excluded""} | RAYYAN-EXCLUSION-REASONS: not meta-analysis",NA,"autism spectrum disorder;developmental neurotoxicants;endocrine disrupting chemicals;prenatal exposure;Autism Spectrum Disorder;Endocrine Disruptors;Female;Humans;Pregnancy;Prenatal Exposure Delayed Effects;Risk Factors;Stereotyped Behavior;cadmium;carbamic acid;chlorphenotane;chlorpyrifos;chromium;endocrine disruptor;formaldehyde;lead;mercury;nickel;organochlorine derivative;organophosphate;polybrominated diphenyl ether;polychlorinated biphenyl;polychlorinated dibenzodioxin;polycyclic aromatic hydrocarbon;pyrethroid;thiomersal;accuracy;air monitoring;autism;bioaccumulation;data extraction;environmental health;gestational age;internal validity;medical record;nonhuman;pregnancy;public policy;questionnaire;Review;social status;systematic review;female;human;risk factor;stereotypy;Child Development Disorders, Pervasive;Autistic Disorder",NA,NA,NA,meta-analytic estimate with variance not reported
Pesticide research on environmental and human exposure and risks in sub-saharan africa: A systematic literature review,10.3390/ijerph19010259,"Export Date: 08 April 2024; Cited By: 21; Correspondence Address: S. Fuhrimann; Swiss Tropical and Public Health Institute (Swiss TPH), Basel, 4002, Switzerland; email: samuel.fuhrimann@unibas.ch | RAYYAN-INCLUSION: {""Lorenzo""=>""Excluded"", ""Kyle ""=>""Maybe""} | RAYYAN-INCLUSION: {""Kyle ""=>""Excluded""} | RAYYAN-EXCLUSION-REASONS: not meta-analysis",NA,Agriculture;Environmental risks;Exposure risks;Food production;Organochlorine;Organophosphate;Pesticides;Plant protection products;Public health;SDG 12;SDG 2;SSA;Child;Environmental Exposure;Female;Humans;Insecticides;Longitudinal Studies;South Africa;Sub-Saharan Africa;chlorphenotane;fungicide;herbicide;insecticide;organochlorine derivative;pesticide;biomarker;dose-response relationship;environmental risk;food production;health risk;literature review;organochlorine pesticide;public health;research work;Africa;Africa south of the Sahara;agriculture;environmental exposure;health hazard;human;nonhuman;Review;systematic review;child;female;longitudinal study;Humanities;Humanism;Africa South of the Sahara,NA,NA,NA,meta-analytic estimate with variance not reported
Endocrine disrupting chemicals and breast cancer: a systematic review of epidemiological studies,10.1080/10408398.2021.1903382,"Export Date: 08 April 2024; Cited By: 63; Correspondence Address: M.L.Y. Wan; Department of Microbiology, Immunology and Glycobiology, Institute of Laboratory Medicine, Lund University, Lund, Klinikgatan 28, S-222 42, Sweden; email: murphy.wan@med.lu.se; CODEN: CRFND | RAYYAN-INCLUSION: {""Lorenzo""=>""Excluded"", ""Kyle ""=>""Maybe""} | RAYYAN-INCLUSION: {""Kyle ""=>""Excluded""} | RAYYAN-EXCLUSION-REASONS: not meta-analysis",NA,Breast cancer;dietary;endocrine-disrupting chemicals;environmental;epidemiological studies;systematic review;Case-Control Studies;Endocrine Disruptors;Environmental Exposure;Environmental Pollutants;Epidemiologic Studies;Humans;Neoplasms;Pesticides;Diseases;Endocrine disrupters;Endocrinology;Flavonoids;Organic pollutants;Pelletizing;Polychlorinated biphenyls;Solvents;endocrine disruptor;pesticide;Dichlorodiphenyltrichloroethane;Endocrine disrupting chemicals;Endocrine disrupting compound;Epidemiological studies;Personal care products;Polybrominated diphenyl ether (PBDEs);Polychlorinated biphenyl (PCBs);Polyfluoroalkyl substances;adverse event;case control study;environmental exposure;epidemiology;human;neoplasm;pollutant;toxicity;Chemical contamination;Breast Neoplasms,NA,NA,NA,meta-analytic estimate with variance not reported
Air Pollution and Cognitive Impairment across the Life Course in Humans: A Systematic Review with Specific Focus on Income Level of Study Area,10.3390/ijerph19031405,"Export Date: 08 April 2024; Cited By: 15; Correspondence Address: M. Chandra; Department of Psychiatry, Centre of Excellence in Mental Health, Atal Bihari Vajpayee Institute of Medical Sciences (formerly PGIMER) and Dr. Ram Manohar Lohia Hospital, New Delhi, 110001, India; email: minasaxena@gmail.com | RAYYAN-INCLUSION: {""Lorenzo""=>""Excluded"", ""Kyle ""=>""Maybe""} | RAYYAN-INCLUSION: {""Kyle ""=>""Excluded""} | RAYYAN-EXCLUSION-REASONS: not meta-analysis",NA,Air pollution;Cognition;Cognitive impairment;Dementia;Global pollution;Health effects/risks;PAH;Particulate matter<sub>2.5</sub> (PM<sub>2.5</sub> );Adolescent;Aged;Air Pollutants;Air Pollution;Child;Cognitive Dysfunction;Environmental Exposure;Humans;Life Change Events;Particulate Matter;isophorone;polycyclic aromatic hydrocarbon;atmospheric pollution;cognition;health risk;mental disorder;pollution exposure;air pollutant;air pollution;cognitive defect;dementia;environmental exposure;human;lifespan;mental capacity;mental deterioration;neuroimaging;noise pollution;outcome assessment;particulate matter 2.5;perinatal exposure;persistent organic pollutant;pollution monitoring;quality control;Review;risk assessment;systematic review;adolescent;adverse event;aged;analysis;child;life event;particulate matter;toxicity;Humanities;Humanism,NA,NA,NA,meta-analytic estimate with variance not reported
Maternal pesticide exposure and its relation to childhood cancer: an umbrella review of meta-analyses,10.1080/09603123.2021.1900550,"Export Date: 08 April 2024; Cited By: 6; Correspondence Address: S. Iqbal; Department of Environmental Health, Centre for Public Health, Medical University of Vienna, Vienna, Austria; email: saheriqbal55@yahoo.com; I. Ali; Inayat Ali Department of Social and Cultural Anthropology, University of Vienna, Vienna, Universitätsstrasse 7, 1010, Austria; email: inayat_qau@yahoo.com; CODEN: IJERE | RAYYAN-INCLUSION: {""Lorenzo""=>""Excluded"", ""Kyle ""=>""Maybe""} | RAYYAN-INCLUSION: {""Kyle ""=>""Excluded""} | RAYYAN-EXCLUSION-REASONS: not meta-analysis",NA,"birth weight;childhood cancer;leukaemia;meta-analyses;Pesticides;Birth Weight;Child;Dichlorodiphenyl Dichloroethylene;Female;Humans;Infant;Leukemia;Maternal Exposure;Neoplasms;Pregnancy;Risk Factors;1,1 dichloro 2,2 bis(4 chlorophenyl)ethylene;2,2',4,4',5,5' hexachlorobiphenyl;pesticide;polychlorinated biphenyl;cancer;child health;confidence interval;DDE;meta-analysis;pollution exposure;risk factor;weight;brain cancer;brain tumor;bronchitis;cancer risk;child;childhood leukemia;female;human;lymphoma;male;maternal exposure;meta analysis;neuroblastoma;occupational exposure;prenatal exposure;Review;systematic review;wheezing;adverse event;infant;leukemia;neoplasm;pregnancy",NA,NA,NA,meta-analytic estimate with variance not reported
"PFAS exposure of humans, animals and the environment: Protocol of an evidence review map and bibliometric analysis",10.1016/j.envint.2021.106973,"Export Date: 08 April 2024; Cited By: 5; Correspondence Address: C. Vendl; Evolution and Ecology Research Centre, School of Biological, Earth and Environmental Sciences, University of New South Wales Sydney, Sydney, 2052, Australia; email: c.vendl@unsw.edu.au; CODEN: ENVID | RAYYAN-INCLUSION: {""Lorenzo""=>""Excluded"", ""Kyle ""=>""Maybe""} | RAYYAN-LABELS: protocol for lorenzo map | RAYYAN-INCLUSION: {""Kyle ""=>""Excluded""} | RAYYAN-EXCLUSION-REASONS: not meta-analysis",NA,Ecotoxicology;PFOA;PFOS;‘Overview of reviews’;‘Systematic review’;‘Umbrella review’;Abstracting;Diagnosis;Organic chemicals;Anthropogenic organic chemicals;Bibliometrics analysis;Eco-toxicology;Map analysis;Systematic Review;‘overview of review’;‘systematic review’;‘umbrella review’;Animals;Humanities;Humanism;Humans;Bibliometrics;Animal Shells,NA,NA,NA,meta-analytic estimate with variance not reported
Exploring a mechanism-based approach for the identification of endocrine disruptors using Adverse Outcome Pathways (AOPs) and New Approach Methodologies (NAMs) : A perfluorooctane sulfonic acid case study.,10.1016/j.tox.2024.153794,"RAYYAN-INCLUSION: {""Lorenzo""=>""Excluded"", ""Kyle ""=>""Maybe""} | RAYYAN-INCLUSION: {""Kyle ""=>""Excluded""} | RAYYAN-EXCLUSION-REASONS: not meta-analysis",NA,Sulfonic Acids;Sulfones,38580097,NA,NA,meta-analytic estimate with variance not reported
A systematic review of the evaluation of endocrine-disrupting chemicals in the Japanese medaka (<i>Oryzias latipes</i>) fish,10.3389/ftox.2023.1272368,"RAYYAN-INCLUSION: {""Kyle ""=>""Maybe"", ""Pietro""=>""Maybe""} | RAYYAN-LABELS: systematic review | RAYYAN-INCLUSION: {""Kyle ""=>""Excluded""} | RAYYAN-EXCLUSION-REASONS: not meta-analysis",NA,NA,NA,NA,NA,meta-analytic estimate with variance not reported
Polychlorinated biphenyls and risk of metabolic syndrome and comparison with the risk of diabetes: A systematic review and meta-analysis,10.1016/j.scitotenv.2023.165773,"RAYYAN-INCLUSION: {""Kyle ""=>""Maybe"", ""Pietro""=>""Included""} | RAYYAN-LABELS: polychlorinated biphenyls | RAYYAN-INCLUSION: {""Kyle ""=>""Excluded""} | RAYYAN-EXCLUSION-REASONS: no ocp or pfa",NA,NA,NA,NA,NA,wrong exposure
Environmental and occupational factors and higher risk of couple infertility: a systematic review study,10.1186/s43043-022-00124-4,"RAYYAN-INCLUSION: {""Kyle ""=>""Maybe"", ""Pietro""=>""Excluded""} | RAYYAN-LABELS: general pesticide | RAYYAN-INCLUSION: {""Kyle ""=>""Excluded""} | RAYYAN-EXCLUSION-REASONS: not meta-analysis",NA,NA,NA,NA,NA,meta-analytic estimate with variance not reported
A Systematic Review and Meta-analysis of Chemical Exposures and Attention-Deficit/Hyperactivity Disorder in Children,10.1007/s11121-023-01601-6,"RAYYAN-INCLUSION: {""Kyle ""=>""Maybe"", ""Pietro""=>""Included""} | RAYYAN-LABELS: polychlorinated biphenyls | RAYYAN-INCLUSION: {""Kyle ""=>""Excluded""} | RAYYAN-EXCLUSION-REASONS: no ocp or pfa",NA,Only Child;Child,NA,NA,NA,wrong exposure
Sex difference of pre- and post-natal exposure to six developmental neurotoxicants on intellectual abilities: a systematic review and meta-analysis of human studies,10.1186/s12940-023-01029-z,"RAYYAN-INCLUSION: {""Kyle ""=>""Maybe"", ""Pietro""=>""Included""} | RAYYAN-LABELS: polychlorinated biphenyls | RAYYAN-INCLUSION: {""Kyle ""=>""Excluded""} | RAYYAN-EXCLUSION-REASONS: no ocp or pfa",NA,Humanities;Humanism;Humans;Sex Characteristics,NA,NA,NA,wrong exposure
Exposure to environmental pollutants and attention-deficit/hyperactivity disorder: an overview of systematic reviews and meta-analyses,10.1007/s11356-023-30173-9,"RAYYAN-INCLUSION: {""Kyle ""=>""Maybe"", ""Pietro""=>""Excluded""} | RAYYAN-LABELS: POPs | RAYYAN-INCLUSION: {""Kyle ""=>""Excluded""} | RAYYAN-EXCLUSION-REASONS: not meta-analysis",NA,Environmental Exposure,NA,NA,NA,meta-analytic estimate with variance not reported
Effect of persistent organic pollutants in patients with ischemic stroke and all stroke: A systematic review and meta-analysis,10.1016/j.tox.2023.153567,"RAYYAN-INCLUSION: {""Kyle ""=>""Maybe"", ""Pietro""=>""Included""} | RAYYAN-LABELS: POPs,polychlorinated biphenyls | RAYYAN-INCLUSION: {""Kyle ""=>""Excluded""} | RAYYAN-EXCLUSION-REASONS: no ocp or pfa",NA,NA,NA,NA,NA,wrong exposure
Early-life exposure to endocrine-disrupting chemicals and autistic traits in childhood and adolescence: a systematic review of epidemiological studies,10.3389/fendo.2023.1184546,"RAYYAN-INCLUSION: {""Kyle ""=>""Maybe"", ""Pietro""=>""Maybe""} | RAYYAN-INCLUSION: {""Kyle ""=>""Excluded""} | RAYYAN-EXCLUSION-REASONS: not meta-analysis",NA,Adolescent,NA,NA,NA,meta-analytic estimate with variance not reported
Human exposure to pesticides and thyroid cancer: a worldwide systematic review of the literatures,10.1186/s13044-023-00153-9,"RAYYAN-INCLUSION: {""Kyle ""=>""Maybe"", ""Pietro""=>""Included""} | RAYYAN-INCLUSION: {""Kyle ""=>""Excluded""} | RAYYAN-EXCLUSION-REASONS: not meta-analysis",NA,Humanism;Humans;Humanities;Pesticides;Thyroid Neoplasms;Thyroid Gland,NA,NA,NA,meta-analytic estimate with variance not reported
Association between polychlorinated biphenyl exposure and thyroid hormones: a systematic review and meta-analysis,10.1080/26896583.2022.2149213,"RAYYAN-INCLUSION: {""Kyle ""=>""Maybe"", ""Pietro""=>""Included""} | RAYYAN-LABELS: polychlorinated biphenyls | RAYYAN-INCLUSION: {""Kyle ""=>""Excluded""} | RAYYAN-EXCLUSION-REASONS: no ocp or pfa",NA,Thyroid Gland;Thyroid Hormones,NA,NA,NA,wrong exposure
Meta-Analysis of Body Concentration of Polychlorinated Biphenyls and Prostate Cancer,10.1177/07482337221129162,"RAYYAN-INCLUSION: {""Kyle ""=>""Maybe"", ""Pietro""=>""Included""} | RAYYAN-LABELS: polychlorinated biphenyls | RAYYAN-INCLUSION: {""Kyle ""=>""Excluded""} | RAYYAN-EXCLUSION-REASONS: no ocp or pfa",NA,Prostatic Neoplasms;Prostate,NA,NA,NA,wrong exposure
Environmental health influences in pregnancy and risk of gestational diabetes mellitus: a systematic review,10.1186/s12889-022-13965-5,"RAYYAN-INCLUSION: {""Kyle ""=>""Maybe"", ""Pietro""=>""Excluded""} | RAYYAN-INCLUSION: {""Kyle ""=>""Excluded""} | RAYYAN-EXCLUSION-REASONS: wrong exposure",NA,"Pregnancy;Diabetes, Gestational;Environmental Health",NA,NA,NA,wrong exposure
"Occurrence, spatiotemporal trends, fate, and treatment technologies for microplastics and organic contaminants in biosolids: A review",10.1016/j.jhazmat.2024.133471,"RAYYAN-INCLUSION: {""Kyle ""=>""Excluded"", ""Pietro""=>""Maybe""} | RAYYAN-LABELS: polychlorinated biphenyls | RAYYAN-INCLUSION: {""Kyle ""=>""Excluded""} | RAYYAN-EXCLUSION-REASONS: not meta-analysis,no study level identifiers",NA,NA,NA,NA,NA,meta-analytic estimate with variance not reported
Impact of chemical pollution on threatened marine mammals: A systematic review,10.1016/j.jhazmat.2023.132203,"RAYYAN-INCLUSION: {""Kyle ""=>""Maybe"", ""Pietro""=>""Excluded""} | RAYYAN-LABELS: general pesticide | RAYYAN-INCLUSION: {""Kyle ""=>""Excluded""} | RAYYAN-EXCLUSION-REASONS: not meta-analysis",NA,Military Personnel,NA,NA,NA,meta-analytic estimate with variance not reported
Human biomonitoring of environmental contaminants in Gulf Countries-current status and future directions,10.1016/j.envres.2023.116650,"RAYYAN-INCLUSION: {""Kyle ""=>""Excluded"", ""Pietro""=>""Maybe""} | RAYYAN-INCLUSION: {""Kyle ""=>""Excluded""} | RAYYAN-EXCLUSION-REASONS: not meta-analysis",NA,Humanities;Humanism;Humans,NA,NA,NA,meta-analytic estimate with variance not reported
"Chemical pollution, exposome and health in the population of the Canary Islands: a systematic review of the studies carried out and analysis of the situation",NA,"RAYYAN-INCLUSION: {""Kyle ""=>""Maybe"", ""Pietro""=>""Maybe""} | RAYYAN-INCLUSION: {""Kyle ""=>""Excluded""} | RAYYAN-LABELS: spanish - needs double checked | RAYYAN-EXCLUSION-REASONS: not meta-analysis",NA,Spain,NA,NA,NA,meta-analytic estimate with variance not reported
Endocrine-disrupting chemicals (EDCs) and cancer: new perspectives on an old relationship,10.1007/s40618-022-01983-4,"RAYYAN-INCLUSION: {""Kyle ""=>""Maybe"", ""Pietro""=>""Excluded""} | RAYYAN-LABELS: unsure on chemicals included | RAYYAN-INCLUSION: {""Kyle ""=>""Excluded""} | RAYYAN-EXCLUSION-REASONS: not meta-analysis",NA,NA,NA,NA,NA,meta-analytic estimate with variance not reported
Endocrine-disrupting chemicals and endocrine neoplasia: A forty-year systematic review,10.1016/j.envres.2022.114869,"RAYYAN-INCLUSION: {""Kyle ""=>""Maybe"", ""Pietro""=>""Excluded""} | RAYYAN-LABELS: general pesticide | RAYYAN-INCLUSION: {""Kyle ""=>""Excluded""} | RAYYAN-EXCLUSION-REASONS: wrong exposure",NA,NA,NA,NA,NA,wrong exposure
Avian colouration in a polluted world: a meta-analysis,10.1111/brv.13067,"RAYYAN-INCLUSION: {""Kyle ""=>""Excluded"", ""Pietro""=>""Maybe""} | RAYYAN-LABELS: POPs | RAYYAN-INCLUSION: {""Kyle ""=>""Excluded""} | RAYYAN-EXCLUSION-REASONS: no ocp or pfa",NA,NA,NA,NA,NA,wrong exposure
Exploring the Effects of Endocrine-Disrupting Chemicals and miRNA Expression in the Pathogenesis of Endometriosis by Unveiling the Pathways: a Systematic Review,10.1007/s43032-023-01412-8,"RAYYAN-INCLUSION: {""Kyle ""=>""Excluded"", ""Pietro""=>""Maybe""} | RAYYAN-INCLUSION: {""Kyle ""=>""Excluded""} | RAYYAN-EXCLUSION-REASONS: not meta-analysis",NA,Endometriosis,NA,NA,NA,meta-analytic estimate with variance not reported
Perfluorohexyloctane in dry eye disease: A systematic review of its efficacy and safety as a novel therapeutic agent,10.1016/j.jtos.2023.10.001,"RAYYAN-INCLUSION: {""Kyle ""=>""Excluded"", ""Pietro""=>""Maybe""} | RAYYAN-INCLUSION: {""Kyle ""=>""Excluded""} | RAYYAN-EXCLUSION-REASONS: not meta-analysis",NA,Eye Diseases,NA,NA,NA,meta-analytic estimate with variance not reported
Associations between exposure to organochlorine pesticides and diabetes risk: a systematic review,NA,"RAYYAN-INCLUSION: {""Kyle ""=>""Maybe"", ""Pietro""=>""Maybe""} | RAYYAN-INCLUSION: {""Kyle ""=>""Excluded""} | RAYYAN-EXCLUSION-REASONS: full text not available",NA,Pesticides,NA,NA,NA,full text not available
The association between polycystic ovary syndrome and environmental pollutants based on animal and human study; a systematic review,10.1515/reveh-2022-0187,"RAYYAN-INCLUSION: {""Kyle ""=>""Excluded"", ""Pietro""=>""Maybe""} | RAYYAN-INCLUSION: {""Kyle ""=>""Excluded""} | RAYYAN-EXCLUSION-REASONS: full text not available",NA,Humanities;Humanism;Humans;Animals;Ovary;Animal Shells;Polycystic Ovary Syndrome,NA,NA,NA,full text not available
"Human 2,3,7,8-tetrachlorodibenzo-p-dioxin exposure and thyroid cancer risk",10.1016/j.tox.2023.153474,"RAYYAN-INCLUSION: {""Kyle ""=>""Excluded"", ""Pietro""=>""Maybe""} | RAYYAN-INCLUSION: {""Kyle ""=>""Excluded""} | RAYYAN-EXCLUSION-REASONS: not meta-analysis",NA,Humanities;Humanism;Humans;Thyroid Neoplasms;Thyroid Gland,NA,NA,NA,meta-analytic estimate with variance not reported
A systematic review of mechanistic studies on the relationship between pesticide exposure and cancer induction,10.1016/j.taap.2022.116280,"RAYYAN-INCLUSION: {""Kyle ""=>""Maybe"", ""Pietro""=>""Maybe""} | RAYYAN-INCLUSION: {""Kyle ""=>""Excluded""} | RAYYAN-EXCLUSION-REASONS: not meta-analysis",NA,Pesticides,NA,NA,NA,meta-analytic estimate with variance not reported
Systematic review of residual toxicity studies of pesticides to bees and veracity of guidance on pesticide labels,10.7717/peerj.16672,"RAYYAN-INCLUSION: {""Kyle ""=>""Maybe"", ""Pietro""=>""Maybe""} | RAYYAN-INCLUSION: {""Kyle ""=>""Excluded""} | RAYYAN-EXCLUSION-REASONS: not meta-analysis",NA,Bees;Environmental protection agency;Pesticides;Residual toxicity;Systematic review;acephate;acetamiprid;aldoxycarb;azamethiphos;azinphos methyl;bifenthrin;butoxide;carbaril;carbofuran;chlorpyrifos;clofentezine;colpyralid;cyfluthrin;cyhalothrin;cypermethrin;cyromazine;deltamethrin;dicofol;dimethoate;dimpylate;disulfoton;endosulfan;ethiprole;fenitrothion;fenvalerate;fipronil;fluazinam;flupyradifurone;fluvalinate;imidacloprid;indoxacarb;leptophos;lindane;malathion;malonoben;methamidophos;methidathion;methyl oxamyl;metrifonate;naled;oxydemeton;parathion;permethrin;pesticide;pesticide residue;phenthoate;phosmet;piperonyl butoxide;prochloraz;profenofos;propargite;pyrethroid;sulfloxaflor;tetraniliprole;thiacloprid;thiodicarb;tiazamate;tolfenpyrad;unclassified drug;Apis mellifera;bee;calculation;environmental hazard  section;environmental protection;evaluation study;foraging;hazard;honeybee;humidity;label language analysis;language network;LD50;Megachile rotundata;mortality;Nomia melanderi;nonhuman;physical chemistry;practice guideline;Review;risk assessment;RT25 value;systematic review;toxicity testing,NA,NA,NA,meta-analytic estimate with variance not reported
Polychlorinated biphenyl (PCB) half-lives in humans: A systematic review,10.1016/j.chemosphere.2023.140359,"RAYYAN-INCLUSION: {""Kyle ""=>""Maybe"", ""Pietro""=>""Maybe""} | RAYYAN-INCLUSION: {""Kyle ""=>""Excluded""} | RAYYAN-EXCLUSION-REASONS: not meta-analysis",NA,Half-life;Human;Persistent organic pollutants (POPs) and exposure;Polychlorinated biphenyls (PCBs);Body Burden;Breast Feeding;Environmental Pollutants;Female;Half-Life;Humans;North America;Polychlorinated Biphenyls;Polychlorinated biphenyls;polychlorinated biphenyl;Body burden;Degree of chlorination;Exposed to;Half lives;Orders of magnitude;Persistent organic pollutant  and exposure;Polychlorinated biphenyl;Scientific literature;Systematic Review;chlorination;literature review;PCB;persistent organic pollutant;pollution exposure;smoking;adolescent;adult;aged;blood level;body burden;body mass;chemical structure;child;cohort analysis;female;half life time;human;infant;lactational exposure;male;milk level;newborn;people by smoking status;Review;systematic review;tissue level;breast feeding;pollutant;Organic pollutants;Humanities;Humanism,NA,NA,NA,meta-analytic estimate with variance not reported
Pacific salmon as vectors of environmental contaminants: An experimental test confirms synoptic surveys in natural streams,10.1016/j.envpol.2023.122355,"RAYYAN-INCLUSION: {""Kyle ""=>""Maybe"", ""Pietro""=>""Maybe""} | RAYYAN-INCLUSION: {""Kyle ""=>""Excluded""} | RAYYAN-EXCLUSION-REASONS: not meta-analysis",NA,"Bioaccumulation;Contaminant biotransport;Experimental ecotoxicology;Mercury;Pacific salmon;Polychlorinated biphenyls;Animals;Ecosystem;Oncorhynchus;Polychlorinated Biphenyls;Rivers;Salmon;Trout;Water Pollutants, Chemical;Biochemistry;Contamination;Mercury (metal);River pollution;1,1 dichloro 2,2 bis(4 chlorophenyl)ethylene;mercury;polychlorinated biphenyl;Biotransport;Eco-toxicology;Environmental contaminant;Experimental test;Natural streams;Synoptic surveys;concentration (composition);environmental management;experimental study;PCB;persistent organic pollutant;salmonid;source apportionment;spawning;stream;analysis of variance;Article;bioaccumulation;biotransformation;biotransported contaminant;caloric intake;chemical analysis;chemical composition;controlled study;demography;diet;effect size;environmental exposure;experimental test;lake ecosystem;nonhuman;permutational analysis of variance;United States;water pollution;watershed;animal;ecosystem;meta analysis;river;salmonine;water pollutant;Organic pollutants",NA,NA,NA,meta-analytic estimate with variance not reported
Mechanism Exploration of Environmental Pollutants on Premature Ovarian Insufficiency: a Systematic Review and Meta-analysis,10.1007/s43032-023-01326-5,"RAYYAN-INCLUSION: {""Kyle ""=>""Maybe"", ""Pietro""=>""Maybe""} | RAYYAN-INCLUSION: {""Kyle ""=>""Excluded""} | RAYYAN-EXCLUSION-REASONS: not meta-analysis",NA,"Environmental pollutant;Mechanism;Meta-analysis;Premature ovarian failure;Premature ovarian insufficiency;Environmental Pollutants;Female;Humans;Infertility;Menopause, Premature;Metals, Heavy;Pharmaceutical Preparations;Phosphatidylinositol 3-Kinases;Primary Ovarian Insufficiency;3 methylcholanthrene;4 hydroxybenzoic acid ester;4 vinylcyclohexene diepoxide;4,4' isopropylidenediphenol;8 hydroxydeoxyguanosine;8 isoprostane;benzo[a]pyrene;cadmium;chlorphenotane;cigarette smoke;cigarette smoke condensate;collagen type 1;collagen type 3;collagen type 4;copper;cosmetic;cx43 protein;drug;early growth response factor 3;heavy metal;perfluorooctanesulfonic acid;phenanthrene;phthalic acid benzyl butyl ester;phthalic acid bis(2 ethylhexyl) ester;phthalic acid ester;polychlorinated biphenyl;polycyclic aromatic hydrocarbon;ptgs2 protein;pyrethroid;selenium;thallium;titanium dioxide nanoparticle;trefoil factor 1;unclassified drug;xpnpep2 protein;phosphatidylinositol 3 kinase;adult;Article;calcium signaling;Cochrane Library;controlled study;Embase;female;human;Medline;meta analysis;Newcastle-Ottawa scale;persistent organic pollutant;Pi3K/Akt signaling;pollutant;premature ovarian failure;systematic review;Web of Science;early menopause;infertility",NA,NA,NA,meta-analytic estimate with variance not reported
Early-Life Exposure to Perfluoroalkyl Substances (PFAS) and Child Language and Communication Development: A Systematic Review,10.3390/ijerph20247170,"RAYYAN-INCLUSION: {""Kyle ""=>""Maybe"", ""Pietro""=>""Maybe""} | RAYYAN-INCLUSION: {""Kyle ""=>""Excluded""} | RAYYAN-EXCLUSION-REASONS: not meta-analysis",NA,child language development;developmental language disorder;environmental contaminants;perfluoroalkyl substances;postnatal exposure;prenatal exposure;Alkanesulfonic Acids;Child;Child Language;Communication;Environmental Pollutants;Female;Fluorocarbons;Humans;Language Development;Prenatal Exposure Delayed Effects;Young Adult;chemical compound;perfluoroalkyl substance;unclassified drug;alkanesulfonic acid;fluorocarbon;academic research;child development;endocrine disruptor;environmental factor;health geography;literature review;medical geography;pollution effect;pollution exposure;child;data analysis;data extraction;data quality;data quality assessment;human;information processing;information retrieval;interpersonal communication;language development;Review;systematic review;epidemiology;female;pollutant;young adult;Only Child,NA,NA,NA,meta-analytic estimate with variance not reported
Linking Prenatal Environmental Exposures to Lifetime Health with Epigenome-Wide Association Studies: State-of-the-Science Review and Future Recommendations,10.1289/EHP12956,"RAYYAN-INCLUSION: {""Kyle ""=>""Maybe"", ""Pietro""=>""Maybe""} | RAYYAN-INCLUSION: {""Kyle ""=>""Excluded""} | RAYYAN-EXCLUSION-REASONS: not meta-analysis",NA,"Biomarkers;Environmental Exposure;Epigenome;Female;Folic Acid;Genome-Wide Association Study;Humans;Infant, Newborn;Pregnancy;arsenic;biological marker;cadmium;folic acid;mercury;metal;methylmercury;nitrogen dioxide;air pollution;alcohol consumption;anxiety;birth weight;cigarette smoking;CpG island;depression;diet;dietary pattern;DNA methylation;e-waste;environmental exposure;epigenetics;epigenome;genome-wide association study;health;human;lifespan;mental stress;multiomics;physiological stress;pollution;postnatal depression;pregnancy;prenatal exposure;questionnaire;reproducibility;review;Review;smoking;United States;female;meta analysis;newborn",NA,NA,NA,meta-analytic estimate with variance not reported
Leveraging Systematic Reviews to Explore Disease Burden and Costs of Per- and Polyfluoroalkyl Substance Exposures in the United States,10.1007/s12403-022-00496-y,"RAYYAN-INCLUSION: {""Kyle ""=>""Maybe"", ""Pietro""=>""Maybe""} | RAYYAN-INCLUSION: {""Kyle ""=>""Excluded""} | RAYYAN-EXCLUSION-REASONS: not meta-analysis",NA,Cancer;Child health;Diabetes;Disease burden;Economic costs;Environmental chemicals;Fertility;Metabolism;Obesity;Perfluoroalkyl substances;PFAS;Polyfluoroalkyl substances;Reproductive health;Respiratory infection;United States;cancer;cost analysis;disease incidence;fertility;infectivity;metabolism;obesity;organic compound;pollution exposure;public health;respiratory disease,NA,NA,NA,meta-analytic estimate with variance not reported
Is exposure to chemical pollutants associated with sleep outcomes? A systematic review,10.1016/j.smrv.2023.101805,"RAYYAN-INCLUSION: {""Kyle ""=>""Maybe"", ""Pietro""=>""Maybe""} | RAYYAN-INCLUSION: {""Kyle ""=>""Excluded""} | RAYYAN-EXCLUSION-REASONS: not meta-analysis",NA,"Cholinergic agents;Dioxins;Endocrine disruptors;Environmental pollutants;Gulf war illness;Heavy metals;Mercury;Particulate matter;Pesticides;Sleep health;Sleep initiation and maintenance disorders;Sleep wake disorders;Solvents;Child;Environmental Pollutants;Humans;Sleep;Sleep Apnea Syndromes;Sleep Initiation and Maintenance Disorders;4,4' isopropylidenediphenol;aluminum;cholinergic receptor stimulating agent;dioxin;endocrine disruptor;heavy metal;hypnotic agent;mercury;metal;nitrogen oxide;organofluorine derivative;ozone;perfluoroalkyl substance;pesticide;phthalic acid derivative;polybrominated diphenyl ether;polychlorinated biphenyl;polyfluoroalkyl substance;solvent;sulfur oxide;tobacco smoke;unclassified drug;air pollutant;air pollution;cholinergic transmission;data base;data extraction;environmental exposure;human;inflammation;insomnia;lifespan;neurotransmission;particulate matter;particulate matter 1.0;particulate matter 10;particulate matter 2.5;particulate matter exposure;passive smoking;pediatric patient;population research;Review;risk assessment;sleep;sleep apnea syndromes;sleep disorder;sleep quality;sleep time;statistical bias;systematic review;war;child;pollutant",NA,NA,NA,meta-analytic estimate with variance not reported
Honey contamination from plant protection products approved for cocoa (Theobroma cacao) cultivation: A systematic review of existing research and methods,10.1371/journal.pone.0280175,"RAYYAN-INCLUSION: {""Kyle ""=>""Maybe"", ""Pietro""=>""Maybe""} | RAYYAN-INCLUSION: {""Kyle ""=>""Excluded""} | RAYYAN-EXCLUSION-REASONS: not meta-analysis",NA,Animals;Bees;Cacao;Chocolate;Honey;Humans;Pesticide Residues;Pesticides;acaricide;acetaprimid;aldrin;bifenthrin;capsaicin;chlorantraniliprole chlorpyriphos;chlorpyrifos;cyhalothrin;cypermethrin;deltamethrin;dimethoate;endosulfan;fipronil;glyphosate;hexachlorocyclohexane;imidacloprid;indoxacarb;malathion;mycotoxin;neonicotinoid;organochlorine derivative;organophosphate;paraquat;pesticide;pesticide residue;pirimiphosmethyl;plant protection product;promecarb;pyrethroid;sulfoxaflor;teflubenzuron;thiacloprid;thiamethoxam;unclassified drug;Article;cacao;comparative study;contamination;environmental policy;flower;foraging;geographic distribution;growing season;health care policy;honey;honeybee;human;limit of detection;limit of quantitation;nectar;nonhuman;plant product;quality control;sensitivity analysis;systematic review;animal;bee;chemistry;chocolate;Consumer Product Safety,NA,NA,NA,meta-analytic estimate with variance not reported
Occupational Exposures and Risks of Non-Hodgkin Lymphoma: A Meta-Analysis,10.3390/cancers15092600,"RAYYAN-INCLUSION: {""Kyle ""=>""Maybe"", ""Pietro""=>""Maybe""} | RAYYAN-INCLUSION: {""Kyle ""=>""Excluded""} | RAYYAN-EXCLUSION-REASONS: not meta-analysis",NA,"carcinogens;non-Hodgkin lymphoma;occupational exposure;pesticides;asbestos;benzene;carcinogen;hydrocarbon;organic compound;organochlorine derivative;pesticide;trichloroethylene;cancer risk;chronic lymphatic leukemia;data quality assessment;diffuse large B cell lymphoma;evidence based medicine;human;meta analysis;multiple myeloma;nonhodgkin lymphoma;occupational cancer;Review;risk factor;systematic review;Hodgkin Disease;Occupational Exposure;Lymphoma, Non-Hodgkin;Lymphoma",NA,NA,NA,meta-analytic estimate with variance not reported
"Corrigendum to “Assessing the health risk of hyperuricemia in participants with persistent organic pollutants exposure - a systematic review and meta-analysis” [Ecotoxicol. Environ. Saf. 251 (Feb 2023) 114525] (Ecotoxicology and Environmental Safety (2023) 251, (S0147651323000295), (10.1016/j.eco...",10.1016/j.ecoenv.2023.114661,"RAYYAN-INCLUSION: {""Kyle ""=>""Maybe"", ""Pietro""=>""Maybe""} | RAYYAN-INCLUSION: {""Kyle ""=>""Excluded""} | RAYYAN-EXCLUSION-REASONS: not meta-analysis",NA,erratum,NA,NA,NA,meta-analytic estimate with variance not reported
Pediatric poisoning deaths in Saudi Arabia: A systematic review,10.1016/j.legalmed.2022.102173,"RAYYAN-INCLUSION: {""Kyle ""=>""Maybe"", ""Pietro""=>""Maybe""} | RAYYAN-INCLUSION: {""Kyle ""=>""Excluded""} | RAYYAN-EXCLUSION-REASONS: not meta-analysis",NA,Children;Fatality;Mortality;Pediatric poisoning;Saudi Arabia;Toxicology;Child;Female;Humans;Perinatal Death;Poisoning;Poisons;Risk Factors;aluminum phosphide;analgesic agent;antipyretic agent;domestic chemical;insecticide;kerosene;organochlorine derivative;organophosphate;pesticide;phosphine;poison;rodenticide;intoxication;abdominal pain;adolescent;awareness;carbon monoxide intoxication;caregiver;child;child death;diarrhea;drug fatality;emergency ward;English (language);epigastric pain;fatality;female;food;fumigation;home;human;hyperhidrosis;infant;ingestion;kitchen;male;Medline;metabolic acidosis;mortality rate;nausea and vomiting;newborn;poison center;Review;school;Scopus;systematic review;toxicity;vomiting;Web of Science;epidemiology;perinatal death;risk factor,NA,NA,NA,meta-analytic estimate with variance not reported
Prenatal Maternal Risk Factors Contributing to Atopic Dermatitis: A Systematic Review and Meta-Analysis of Cohort Studies,10.5021/ad.21.268,"RAYYAN-INCLUSION: {""Kyle ""=>""Maybe"", ""Pietro""=>""Maybe""} | RAYYAN-INCLUSION: {""Kyle ""=>""Excluded""} | RAYYAN-EXCLUSION-REASONS: not meta-analysis",NA,"Atopic dermatitis;Gestational;Prenatal;Risk factors;antibiotic agent;chemical compound;docosahexaenoic acid;heavy metal;icosapentaenoic acid;nitrogen dioxide;perfluoroalkyl and polyfluoroalkyl substance;perfluorooctanoic acid;phthalic acid benzyl butyl ester;polyunsaturated fatty acid;unclassified drug;air pollution;alcohol consumption;allergy;antibiotic therapy;anxiety;Article;asthma;atopic dermatitis;birth season;body mass;child care;cohort analysis;common cold;dietary pattern;disease predisposition;distress syndrome;eczema;fat intake;female;first trimester pregnancy;fish consumption;gestational weight gain;human;industrial waste;maternal age;maternal disease;maternal exposure;maternal fetal transmission;maternal nutrition;medical history;mental disease;meta analysis;Newcastle-Ottawa scale;night shift;occupation;passive smoking;perinatal depression;pollen allergy;Preferred Reporting Items for Systematic Reviews and Meta-Analyses;pregnancy;pregnancy diabetes mellitus;prenatal exposure;prenatal period;prevalence;progeny;risk factor;sensitivity analysis;systematic review;Cohort Studies;Risk Factors;Dermatitis, Atopic",NA,NA,NA,meta-analytic estimate with variance not reported
"Organic Pollutants Associated with Plastic Debris in Marine Environment: A Systematic Review of Analytical Methods, Occurrence, and Characteristics",10.3390/ijerph20064892,"RAYYAN-INCLUSION: {""Kyle ""=>""Maybe"", ""Pietro""=>""Maybe""} | RAYYAN-INCLUSION: {""Kyle ""=>""Excluded""} | RAYYAN-EXCLUSION-REASONS: not meta-analysis",NA,"beach;microplastics;organic pollutants;seawater;Environmental Monitoring;Environmental Pollutants;Plastics;Polychlorinated Biphenyls;Polycyclic Aromatic Hydrocarbons;Reproducibility of Results;Water Pollutants, Chemical;4,4' isopropylidenediphenol;ethyl vinyl acetic acid;microplastic;nonylphenol;octylphenol;organochlorine pesticide;phenol derivative;phthalic acid;polyamide;polychlorinated biphenyl;polycyclic aromatic hydrocarbon;polyethylene;polyethylene terphthalate;polymer;polypropylene;polystyrene;polyurethan;polyvinylchloride;unclassified drug;plastic;analytical method;marine environment;organic pollutant;PAH;PCB;plastic waste;analytic method;chemical analysis;color;contamination;density;digestion;extraction;far infrared spectroscopy;Fourier transform infrared spectroscopy;human;infrared spectroscopy;liquid chromatography;mass spectrometry;near infrared spectroscopy;nonhuman;physical parameters;pollutant;practice guideline;pyrolysis gas chromatography mass spectrometry;qualitative analysis;quality control;quantitative analysis;Review;sampling;shape;size;size exclusion chromatography;systematic review;environmental monitoring;procedures;reproducibility;water pollutant;Military Personnel",NA,NA,NA,meta-analytic estimate with variance not reported
Exposure to perfluoroalkyl and polyfluoroalkyl substances and risk of stroke in adults: a meta-analysis,10.1515/reveh-2023-0021,"RAYYAN-INCLUSION: {""Lorenzo""=>""Included"", ""Kyle ""=>""Included"", ""Ayumi""=>""Included""} | RAYYAN-INCLUSION: {""Kyle ""=>""Excluded""} | RAYYAN-EXCLUSION-REASONS: full text not available",NA,Stroke,NA,NA,NA,full text not available
Cross-sectional associations between exposure to per- and polyfluoroalkyl substances and body mass index among European teenagers in the HBM4EU aligned studies,10.1016/j.envpol.2022.120566,"RAYYAN-INCLUSION: {""Lorenzo""=>""Included"", ""Kyle ""=>""Included"", ""Ayumi""=>""Included""} | RAYYAN-INCLUSION: {""Kyle ""=>""Excluded""} | RAYYAN-EXCLUSION-REASONS: no study level identifiers",NA,Adolescent;Cesarean Section;Body Mass Index,NA,NA,NA,meta-analytic estimate with variance not reported
Association between exposure to per- and polyfluoroalkyl substances and levels of lipid profile based on human studies,10.1515/reveh-2023-0146,"RAYYAN-INCLUSION: {""Lorenzo""=>""Included"", ""Kyle ""=>""Included"", ""Ayumi""=>""Included""} | RAYYAN-INCLUSION: {""Kyle ""=>""Excluded""} | RAYYAN-EXCLUSION-REASONS: no study level identifiers",NA,Humanities;Humanism;Humans,NA,NA,NA,meta-analytic estimate with variance not reported
Association between prenatal perfluorinated compounds exposure and risk of pregnancy complications: A meta-analysis,10.1016/j.ecoenv.2024.116017,"RAYYAN-INCLUSION: {""Kyle ""=>""Included"", ""Ayumi""=>""Included""} | RAYYAN-INCLUSION: {""Kyle ""=>""Excluded""} | RAYYAN-EXCLUSION-REASONS: no study level identifiers",NA,Pregnancy;Pregnancy Complications,NA,NA,NA,meta-analytic estimate with variance not reported
Perfluoroalkyl and polyfluoroalkyl substances and hypertensive disorders of pregnancy: A systematic review and meta-analysis,10.1016/j.envres.2023.116064,"RAYYAN-INCLUSION: {""Lorenzo""=>""Included"", ""Kyle ""=>""Included"", ""Ayumi""=>""Included""} | RAYYAN-INCLUSION: {""Kyle ""=>""Excluded""} | RAYYAN-EXCLUSION-REASONS: no study level identifiers",NA,Pregnancy;Hypertension,NA,NA,NA,meta-analytic estimate with variance not reported
Meta-Analysis Comparing Nominal and Measured Concentrations of Perfluorooctanoic Acid and Perfluorooctane Sulfonate in Aquatic Toxicity Studies Across Various Experimental Conditions,10.1002/etc.5733,"RAYYAN-INCLUSION: {""Kyle ""=>""Included"", ""Ayumi""=>""Included""} | RAYYAN-INCLUSION: {""Kyle ""=>""Excluded""} | RAYYAN-EXCLUSION-REASONS: no study level identifiers",NA,Sulfones,NA,NA,NA,meta-analytic estimate with variance not reported
Spherical indentation of polycrystalline cubic boron nitride (PcBN): Contact damage evolution with increasing load and microstructural effects,10.1016/j.chemosphere.2023.137748,"RAYYAN-INCLUSION: {""Kyle ""=>""Included"", ""Ayumi""=>""Included""} | RAYYAN-INCLUSION: {""Kyle ""=>""Excluded""} | RAYYAN-EXCLUSION-REASONS: no study level identifiers",NA,NA,NA,NA,NA,meta-analytic estimate with variance not reported
Global patterns and temporal trends of perfluoroalkyl substances in municipal wastewater: A meta-analysis,10.1016/j.watres.2022.118784,"RAYYAN-INCLUSION: {""Kyle ""=>""Included"", ""Ayumi""=>""Included""} | RAYYAN-INCLUSION: {""Kyle ""=>""Excluded""} | RAYYAN-EXCLUSION-REASONS: no study level identifiers",NA,NA,NA,NA,NA,meta-analytic estimate with variance not reported
A metabolomic investigation of serum perfluorooctane sulfonate and perfluorooctanoate,10.1016/j.envint.2023.108198,"RAYYAN-INCLUSION: {""Kyle ""=>""Included"", ""Ayumi""=>""Included""} | RAYYAN-INCLUSION: {""Kyle ""=>""Excluded""} | RAYYAN-EXCLUSION-REASONS: no study level identifiers",NA,Sulfones,NA,NA,NA,meta-analytic estimate with variance not reported
Risk assessment for PFOA and kidney cancer based on a pooled analysis of two studies,10.1016/j.envint.2022.107425,"RAYYAN-INCLUSION: {""Kyle ""=>""Included"", ""Pietro""=>""Included""} | RAYYAN-INCLUSION: {""Kyle ""=>""Excluded""} | RAYYAN-EXCLUSION-REASONS: no study level identifiers",NA,"Kidney cancer;PFOA;Pooled analysis;Risk assessment;Caprylates;Carcinoma, Renal Cell;Drinking Water;Environmental Exposure;Fluorocarbons;Humans;Kidney Neoplasms;Risk Assessment;Water Pollutants, Chemical;Diseases;Potable water;Risk analysis;Risk perception;drinking water;perfluorooctanoic acid;fluorocarbon;octanoic acid;Conditional logistic regressions;Human study;National Cancer Institute;Per unit;Perfluorooctanoic acid;Pooled analyse;Renal cell carcinoma;Risks assessments;Slope factors;cancer;health risk;risk assessment;serum;adult;aged;Article;blood level;body mass;cancer risk;case control study;cohort analysis;controlled study;human;hypertension;logistic regression analysis;major clinical study;male;plasma half life;renal cell carcinoma;statistical model;two piece linear spline model;volume of distribution;adverse event;environmental exposure;kidney tumor;meta analysis;water pollutant;Kidney",NA,NA,NA,meta-analytic estimate with variance not reported
A Critical Review and Meta-Analysis of Impacts of Per- and Polyfluorinated Substances on the Brain and Behavior,10.3389/ftox.2022.881584,"RAYYAN-INCLUSION: {""Kyle ""=>""Included"", ""Pietro""=>""Included""} | RAYYAN-INCLUSION: {""Kyle ""=>""Excluded""} | RAYYAN-EXCLUSION-REASONS: no study level identifiers",NA,behavior;blood-brain barrier;brain;development;fluorochemical;neurotoxicity;persistent;PFAS;Brain,NA,NA,NA,meta-analytic estimate with variance not reported
Association of Pentachlorophenol with Fetal Risk of Prolonged Bradycardia: A Systematic Review and Meta-Analysis,10.1155/2022/7552294,"RAYYAN-INCLUSION: {""Kyle ""=>""Included"", ""Pietro""=>""Included""} | RAYYAN-INCLUSION: {""Kyle ""=>""Excluded""} | RAYYAN-EXCLUSION-REASONS: no study level identifiers",NA,Bradycardia;Case-Control Studies;China;Female;Humans;Pentachlorophenol;Pregnancy;Quality control;Random processes;Risk assessment;pentachlorophenol;Biomedical literature;Case-control study;Cochrane library;Environmental pollutants;Meta-analysis;Pollutant gas;Relative hazards;Statistical differences;Systematic evaluation;Systematic Review;bradycardia;clinical feature;controlled study;female;fetus;fetus risk;heart arrhythmia;human;meta analysis;pollutant;prognosis;Review;sensitivity analysis;systematic review;tachycardia;case control study;epidemiology;pregnancy;Sensitivity analysis,NA,NA,NA,meta-analytic estimate with variance not reported
The transplacental transfer efficiency of per- and polyfluoroalkyl substances (PFAS): a first meta-analysis,10.1080/10937404.2021.2009946,"RAYYAN-INCLUSION: {""Kyle ""=>""Included"", ""Pietro""=>""Included""} | RAYYAN-INCLUSION: {""Kyle ""=>""Excluded""} | RAYYAN-EXCLUSION-REASONS: no study level identifiers",NA,"meta-analysis;per- and polyfluorinated substances;PFAS;placenta;transplacental transfer efficiency;Caproates;Environmental Exposure;Environmental Pollutants;Female;Fluorocarbons;Humans;Infant, Newborn;Placenta;Pregnancy;Prenatal Exposure Delayed Effects;alkyl ether;carboxylic acid derivative;decanoic acid derivative;functional group;perfluorodecanoic acid;perfluorohexanoic acid;perfluoroundecanoic acid;sulfonic acid derivative;fluorocarbon;fluorotelomer sulfonic acids;hexanoic acid;perfluorobutyric acid;female;human;length;placental transfer;quantitative analysis;Review;systematic review;adverse event;chemistry;environmental exposure;meta analysis;metabolism;newborn;pollutant;pregnancy;prenatal exposure",NA,NA,NA,meta-analytic estimate with variance not reported
Chlorinated organic pollutants in global flooded soil and sediments: Pollution status and potential risk,10.1016/j.envpol.2023.121270,"RAYYAN-INCLUSION: {""Kyle ""=>""Included"", ""Pietro""=>""Included""} | RAYYAN-INCLUSION: {""Kyle ""=>""Excluded""} | RAYYAN-EXCLUSION-REASONS: no study level identifiers",NA,NA,NA,NA,NA,meta-analytic estimate with variance not reported
Ecological Toxic Effect of Perfluorinated Compounds on Fish Based on Meta-analysis,10.13227/j.hjkx.202209239,"RAYYAN-INCLUSION: {""Kyle ""=>""Included"", ""Pietro""=>""Included""} | RAYYAN-INCLUSION: {""Kyle ""=>""Excluded""} | RAYYAN-EXCLUSION-REASONS: no study level identifiers",NA,aquatic environment;ecological toxicity;fish;Meta-analysis;polyfluoroalkyl substances (PFAS);Biochemistry;Cell proliferation;Organic pollutants;Pollution control;Toxicity;Aquatic environments;Biological toxicity;Ecological toxicity;Functional traits;Perfluorinated compounds;Perfluoroalkyl substances;Polyfluoroalkyl substance;Polyfluoroalkyl substances;Toxic effect;Fish,NA,NA,NA,meta-analytic estimate with variance not reported
Contact to perfluoroalkyl substances and thyroid health effects: A meta-analysis directing on pregnancy,10.1016/j.chemosphere.2023.137748,"RAYYAN-INCLUSION: {""Kyle ""=>""Included"", ""Pietro""=>""Included""} | RAYYAN-INCLUSION: {""Kyle ""=>""Excluded""} | RAYYAN-EXCLUSION-REASONS: no study level identifiers",NA,Meta-analysis;Perfluoroalkyl substances;Pregnant woman;Thyroid hormone;Alkanesulfonic Acids;Environmental Pollutants;Female;Fluorocarbons;Humans;Pregnancy;Thyroid Gland;Thyroid Hormones;Thyrotropin;Endocrinology;Obstetrics;Population statistics;alkyl group;liothyronine;perfluoro compound;perfluorodecanoic acid;perfluorohexanesulfonic acid;perfluorononanoic acid;perfluorooctanesulfonic acid;perfluorooctanoic acid;thyroid hormone;thyrotropin;thyroxine;alkanesulfonic acid;fluorocarbon;Health effects;Human health;In-vitro;In-vivo;Thyroid function;Thyroid hormones;Thyroid stimulating hormones;hormone;meta-analysis;organic compound;pollution exposure;pregnancy;womens health;adult;body mass;cohort analysis;cross-sectional study;environmental exposure;female;free liothyronine index;free thyroxine index;health hazard;human;long term exposure;major clinical study;maternal exposure;meta analysis;pregnant woman;Review;sensitivity analysis;systematic review;thyroid gland;pollutant;toxicity;Hormones,NA,NA,NA,meta-analytic estimate with variance not reported
